HOMOZYGOTE_EMBRYO_NONVIABLE,RECESSIVE_FEMALE_STERILE,Y_SHREDDER,INDS_PER_KM_SQUARE,SIM_SIDE_LENGTH,COMPETITION_DISTANCE,AVG_DISPERSAL,PER_TIME_STEP_SURVIVAL_RATE,LITTER_SIZE,ITINERANT_FREQ,ITINERANT_DISPERSAL_MULTIPLYER,RELEASE_PERCENTAGE,DRIVE_FITNESS,DRIVE_CONVERSION_RATE,RESISTANCE_RATE,R1_OCCURRENCE_RATE,Equilibrium pop size,End drive freq,End resistance freq,Minimum pop size,End pop,Suppression rate,Gen Suppressed,GP rating (1-(min(time_suppression ; 500)/500),GP rating alternative (GP_rating - min_pop/equilib_pop_size),GP rating SE,GP alt SE
FALSE,TRUE,FALSE,1000,2,25,250,0.9,4,0.1,2,0.1,0.75,0.75,0,0,4241.62,0,0,4141.4,4223.8,0,0,0,-0.976388325,0,0.003600561
FALSE,TRUE,FALSE,1000,2,25,250,0.9,4,0.1,2,0.1,0.76,0.75,0,0,4259.37,0,0,4182.8,4256.8,0,0,0,-0.98204216,0,0.003085725
FALSE,TRUE,FALSE,1000,2,25,250,0.9,4,0.1,2,0.1,0.77,0.75,0,0,4231.83,0,0,4155.1,4260.8,0,0,0,-0.981886565,0,0.003066491
FALSE,TRUE,FALSE,1000,2,25,250,0.9,4,0.1,2,0.1,0.78,0.75,0,0,4250.07,0,0,4147.8,4266.5,0,0,0,-0.975995629,0,0.003198282
FALSE,TRUE,FALSE,1000,2,25,250,0.9,4,0.1,2,0.1,0.79,0.75,0,0,4266.79,0,0,4156.8,4231.1,0,0,0,-0.974253131,0,0.002364674
FALSE,TRUE,FALSE,1000,2,25,250,0.9,4,0.1,2,0.1,0.8,0.75,0,0,4261.33,0,0,4152.1,4281.6,0,0,0,-0.974398877,0,0.003367572
FALSE,TRUE,FALSE,1000,2,25,250,0.9,4,0.1,2,0.1,0.81,0.75,0,0,4239.69,0,0,4159.4,4258.5,0,0,0,-0.981122792,0,0.003596369
FALSE,TRUE,FALSE,1000,2,25,250,0.9,4,0.1,2,0.1,0.82,0.75,0,0,4246.8,0,0,4136.3,4251.8,0,0,0,-0.974029595,0,0.002357408
FALSE,TRUE,FALSE,1000,2,25,250,0.9,4,0.1,2,0.1,0.83,0.75,0,0,4249.1,0,0,4142.5,4251.6,0,0,0,-0.974923636,0,0.001893913
FALSE,TRUE,FALSE,1000,2,25,250,0.9,4,0.1,2,0.1,0.84,0.75,0,0,4256.11,0,0,4127.4,4266.7,0,0,0,-0.969811024,0,0.003765366
FALSE,TRUE,FALSE,1000,2,25,250,0.9,4,0.1,2,0.1,0.85,0.75,0,0,4244,0,0,4117,4220.6,0,0,0,-0.970090395,0,0.001599769
FALSE,TRUE,FALSE,1000,2,25,250,0.9,4,0.1,2,0.1,0.86,0.75,0,0,4264.44,0,0,4113.8,4229.6,0,0,0,-0.96470274,0,0.002353598
FALSE,TRUE,FALSE,1000,2,25,250,0.9,4,0.1,2,0.1,0.87,0.75,0,0,4256.07,0,0,4100.3,4257.8,0,0,0,-0.963430019,0,0.003249806
FALSE,TRUE,FALSE,1000,2,25,250,0.9,4,0.1,2,0.1,0.88,0.75,0,0,4256.73,0.001025256,0,4103,4248.7,0,0,0,-0.96391622,0,0.001868676
FALSE,TRUE,FALSE,1000,2,25,250,0.9,4,0.1,2,0.1,0.89,0.75,0,0,4252.86,0.61387109,0,3776,4059.2,0,0,0,-0.887865749,0,0.028762503
FALSE,TRUE,FALSE,1000,2,25,250,0.9,4,0.1,2,0.1,0.9,0.75,0,0,4246.44,0.8790496,0,2575.7,3073.6,0,0,0,-0.606579816,0,0.010938654
FALSE,TRUE,FALSE,1000,2,25,250,0.9,4,0.1,2,0.1,0.91,0.75,0,0,4258.23,0.8889238,0,2387.4,3197.5,0,0,0,-0.560566329,0,0.017508055
FALSE,TRUE,FALSE,1000,2,25,250,0.9,4,0.1,2,0.1,0.92,0.75,0,0,4240.26,0.8976204,0,2589.4,3222.5,0,0,0,-0.610578892,0,0.017036035
FALSE,TRUE,FALSE,1000,2,25,250,0.9,4,0.1,2,0.1,0.93,0.75,0,0,4240.9,0.8965363,0,2710.4,3245.4,0,0,0,-0.639036878,0,0.01871807
FALSE,TRUE,FALSE,1000,2,25,250,0.9,4,0.1,2,0.1,0.94,0.75,0,0,4248.26,0.9033691,0,2910,3468.2,0,0,0,-0.684980113,0,0.014588987
FALSE,TRUE,FALSE,1000,2,25,250,0.9,4,0.1,2,0.1,0.95,0.75,0,0,4246.14,0.9082612,0,3089.2,3551.7,0,0,0,-0.727593674,0,0.015527744
FALSE,TRUE,FALSE,1000,2,25,250,0.9,4,0.1,2,0.1,0.96,0.75,0,0,4238.84,0.9061514,0,3280.8,3956.7,0,0,0,-0.774042913,0,0.012504474
FALSE,TRUE,FALSE,1000,2,25,250,0.9,4,0.1,2,0.1,0.97,0.75,0,0,4240.54,0.911839,0,3479.4,4018.3,0,0,0,-0.820546763,0,0.011134017
FALSE,TRUE,FALSE,1000,2,25,250,0.9,4,0.1,2,0.1,0.98,0.75,0,0,4248.24,0.9170252,0,3705.1,4160.2,0,0,0,-0.872159585,0,0.008071372
FALSE,TRUE,FALSE,1000,2,25,250,0.9,4,0.1,2,0.1,0.99,0.75,0,0,4267.35,0.9154489,0,4002.2,4497.3,0,0,0,-0.937929841,0,0.008051237
FALSE,TRUE,FALSE,1000,2,25,250,0.9,4,0.1,2,0.1,1,0.75,0,0,4270.27,0.9167217,0,4175.2,4779.8,0,0,0,-0.977772772,0,0.003383494
FALSE,TRUE,FALSE,1000,2,25,250,0.9,4,0.1,2,0.1,0.75,0.76,0,0,4252.79,0,0,4170.2,4260.7,0,0,0,-0.98060646,0,0.00299201
FALSE,TRUE,FALSE,1000,2,25,250,0.9,4,0.1,2,0.1,0.76,0.76,0,0,4245,0,0,4159.6,4249.8,0,0,0,-0.979899581,0,0.002657944
FALSE,TRUE,FALSE,1000,2,25,250,0.9,4,0.1,2,0.1,0.77,0.76,0,0,4262.64,0,0,4154.4,4275.4,0,0,0,-0.97463683,0,0.002901274
FALSE,TRUE,FALSE,1000,2,25,250,0.9,4,0.1,2,0.1,0.78,0.76,0,0,4267.68,0,0,4157,4257.7,0,0,0,-0.974075872,0,0.001807432
FALSE,TRUE,FALSE,1000,2,25,250,0.9,4,0.1,2,0.1,0.79,0.76,0,0,4242.75,0,0,4136.3,4257.9,0,0,0,-0.974957999,0,0.002940062
FALSE,TRUE,FALSE,1000,2,25,250,0.9,4,0.1,2,0.1,0.8,0.76,0,0,4241.65,0,0,4120.1,4251,0,0,0,-0.971371234,0,0.002468395
FALSE,TRUE,FALSE,1000,2,25,250,0.9,4,0.1,2,0.1,0.81,0.76,0,0,4248.87,0,0,4149.7,4269.2,0,0,0,-0.976662216,0,0.001252177
FALSE,TRUE,FALSE,1000,2,25,250,0.9,4,0.1,2,0.1,0.82,0.76,0,0,4244.1,0,0,4143.7,4226.6,0,0,0,-0.976415151,0,0.00348645
FALSE,TRUE,FALSE,1000,2,25,250,0.9,4,0.1,2,0.1,0.83,0.76,0,0,4242.63,0,0,4117.6,4262.4,0,0,0,-0.97057482,0,0.002808462
FALSE,TRUE,FALSE,1000,2,25,250,0.9,4,0.1,2,0.1,0.84,0.76,0,0,4253.83,0,0,4135.4,4265.9,0,0,0,-0.972181655,0,0.002647168
FALSE,TRUE,FALSE,1000,2,25,250,0.9,4,0.1,2,0.1,0.85,0.76,0,0,4245.55,0,0,4129.4,4233.5,0,0,0,-0.972687205,0,0.003163222
FALSE,TRUE,FALSE,1000,2,25,250,0.9,4,0.1,2,0.1,0.86,0.76,0,0,4246.53,0,0,4114.7,4253,0,0,0,-0.96901993,0,0.003047589
FALSE,TRUE,FALSE,1000,2,25,250,0.9,4,0.1,2,0.1,0.87,0.76,0,0,4267.41,0,0,4113.7,4250.4,0,0,0,-0.964016521,0,0.003106906
FALSE,TRUE,FALSE,1000,2,25,250,0.9,4,0.1,2,0.1,0.88,0.76,0,0,4246.02,0.006657732,0,4090.5,4246.9,0,0,0,-0.963392885,0,0.002825375
FALSE,TRUE,FALSE,1000,2,25,250,0.9,4,0.1,2,0.1,0.89,0.76,0,0,4231.46,0.8389117,0,3310.2,3657.9,0,0,0,-0.782161562,0,0.050203307
FALSE,TRUE,FALSE,1000,2,25,250,0.9,4,0.1,2,0.1,0.9,0.76,0,0,4258.34,0.8808391,0,2485.7,3087.4,0,0,0,-0.58393349,0,0.015672322
FALSE,TRUE,FALSE,1000,2,25,250,0.9,4,0.1,2,0.1,0.91,0.76,0,0,4249.84,0.8931051,0,2327.5,2987.6,0,0,0,-0.547587274,0,0.020106686
FALSE,TRUE,FALSE,1000,2,25,250,0.9,4,0.1,2,0.1,0.92,0.76,0,0,4252.56,0.9011691,0,2399.2,3148.9,0,0,0,-0.564274887,0,0.022283605
FALSE,TRUE,FALSE,1000,2,25,250,0.9,4,0.1,2,0.1,0.93,0.76,0,0,4249.62,0.905389,0,2307.9,2968.7,0,0,0,-0.543030476,0,0.013703602
FALSE,TRUE,FALSE,1000,2,25,250,0.9,4,0.1,2,0.1,0.94,0.76,0,0,4251.95,0.909983,0,2580.2,3185.2,0,0,0,-0.606813219,0,0.018730674
FALSE,TRUE,FALSE,1000,2,25,250,0.9,4,0.1,2,0.1,0.95,0.76,0,0,4243.68,0.9126526,0,2766.6,3412.5,0,0,0,-0.651975949,0,0.016810058
FALSE,TRUE,FALSE,1000,2,25,250,0.9,4,0.1,2,0.1,0.96,0.76,0,0,4240.4,0.9127172,0,3006.7,3620.8,0,0,0,-0.709051937,0,0.013399845
FALSE,TRUE,FALSE,1000,2,25,250,0.9,4,0.1,2,0.1,0.97,0.76,0,0,4262.61,0.9198937,0,3260,3708.7,0,0,0,-0.764804317,0,0.010443927
FALSE,TRUE,FALSE,1000,2,25,250,0.9,4,0.1,2,0.1,0.98,0.76,0,0,4248.32,0.9187307,0,3550.5,4119.3,0,0,0,-0.83575613,0,0.009178643
FALSE,TRUE,FALSE,1000,2,25,250,0.9,4,0.1,2,0.1,0.99,0.76,0,0,4257.92,0.9199367,0,3791.6,4235.9,0,0,0,-0.890424787,0,0.007571475
FALSE,TRUE,FALSE,1000,2,25,250,0.9,4,0.1,2,0.1,1,0.76,0,0,4238.81,0.9230339,0,4024.2,4499.5,0,0,0,-0.949413117,0,0.009772746
FALSE,TRUE,FALSE,1000,2,25,250,0.9,4,0.1,2,0.1,0.75,0.77,0,0,4268.64,0,0,4161,4248.7,0,0,0,-0.97483081,0,0.003461298
FALSE,TRUE,FALSE,1000,2,25,250,0.9,4,0.1,2,0.1,0.76,0.77,0,0,4259.74,0,0,4133.1,4255.4,0,0,0,-0.97031618,0,0.002644917
FALSE,TRUE,FALSE,1000,2,25,250,0.9,4,0.1,2,0.1,0.77,0.77,0,0,4264.37,0,0,4149.2,4231.9,0,0,0,-0.97303442,0,0.003572788
FALSE,TRUE,FALSE,1000,2,25,250,0.9,4,0.1,2,0.1,0.78,0.77,0,0,4253.45,0,0,4170.1,4246.2,0,0,0,-0.980430664,0,0.002288337
FALSE,TRUE,FALSE,1000,2,25,250,0.9,4,0.1,2,0.1,0.79,0.77,0,0,4250.27,0,0,4143.3,4238.9,0,0,0,-0.974862964,0,0.002853571
FALSE,TRUE,FALSE,1000,2,25,250,0.9,4,0.1,2,0.1,0.8,0.77,0,0,4246.38,0,0,4129.2,4254.6,0,0,0,-0.972431587,0,0.002552971
FALSE,TRUE,FALSE,1000,2,25,250,0.9,4,0.1,2,0.1,0.81,0.77,0,0,4254.98,0,0,4137.6,4243.6,0,0,0,-0.972454682,0,0.002380458
FALSE,TRUE,FALSE,1000,2,25,250,0.9,4,0.1,2,0.1,0.82,0.77,0,0,4267.78,0,0,4137.3,4262.3,0,0,0,-0.969495823,0,0.003948224
FALSE,TRUE,FALSE,1000,2,25,250,0.9,4,0.1,2,0.1,0.83,0.77,0,0,4256.77,0,0,4131.8,4230.2,0,0,0,-0.970708824,0,0.003514194
FALSE,TRUE,FALSE,1000,2,25,250,0.9,4,0.1,2,0.1,0.84,0.77,0,0,4226.22,0,0,4134,4244.3,0,0,0,-0.978221312,0,0.002923526
FALSE,TRUE,FALSE,1000,2,25,250,0.9,4,0.1,2,0.1,0.85,0.77,0,0,4243.86,0,0,4122.8,4254.7,0,0,0,-0.971528841,0,0.003013652
FALSE,TRUE,FALSE,1000,2,25,250,0.9,4,0.1,2,0.1,0.86,0.77,0,0,4260.67,0,0,4125.7,4270.1,0,0,0,-0.968346527,0,0.00199828
FALSE,TRUE,FALSE,1000,2,25,250,0.9,4,0.1,2,0.1,0.87,0.77,0,0,4251.01,0,0,4113.8,4247.8,0,0,0,-0.967747304,0,0.001974748
FALSE,TRUE,FALSE,1000,2,25,250,0.9,4,0.1,2,0.1,0.88,0.77,0,0,4256.89,0.00238872,0,4100.9,4235.4,0,0,0,-0.963387118,0,0.002069498
FALSE,TRUE,FALSE,1000,2,25,250,0.9,4,0.1,2,0.1,0.89,0.77,0,0,4245.76,0.8318571,0,2487.6,2930.4,0,0,0,-0.58562182,0,0.065280478
FALSE,TRUE,FALSE,1000,2,25,250,0.9,4,0.1,2,0.1,0.9,0.77,0,0,4228.26,0.8934521,0,1865.6,2621.3,0,0,0,-0.440789776,0,0.040324341
FALSE,TRUE,FALSE,1000,2,25,250,0.9,4,0.1,2,0.1,0.91,0.77,0,0,4250.56,0.8969258,0,1825.1,2320.8,0,0,0,-0.429212083,0,0.027834629
FALSE,TRUE,FALSE,1000,2,25,250,0.9,4,0.1,2,0.1,0.92,0.77,0,0,4252.78,0.8175877,0,1680.8,2468,0.1,365,0.027,-0.368692267,0.027,0.080162384
FALSE,TRUE,FALSE,1000,2,25,250,0.9,4,0.1,2,0.1,0.93,0.77,0,0,4259.04,0.9098118,0,1785.8,2771.3,0,0,0,-0.419541172,0,0.032354591
FALSE,TRUE,FALSE,1000,2,25,250,0.9,4,0.1,2,0.1,0.94,0.77,0,0,4248.82,0.9092503,0,2247.5,3175.5,0,0,0,-0.529191082,0,0.01488485
FALSE,TRUE,FALSE,1000,2,25,250,0.9,4,0.1,2,0.1,0.95,0.77,0,0,4251.41,0.9153982,0,2473.5,3125,0,0,0,-0.581748109,0,0.014648308
FALSE,TRUE,FALSE,1000,2,25,250,0.9,4,0.1,2,0.1,0.96,0.77,0,0,4260.26,0.9210208,0,2700.6,3194.3,0,0,0,-0.634128775,0,0.014409249
FALSE,TRUE,FALSE,1000,2,25,250,0.9,4,0.1,2,0.1,0.97,0.77,0,0,4239.98,0.9219694,0,3027,3488.1,0,0,0,-0.713967365,0,0.00857567
FALSE,TRUE,FALSE,1000,2,25,250,0.9,4,0.1,2,0.1,0.98,0.77,0,0,4245.95,0.9229815,0,3191.1,3819.4,0,0,0,-0.751645931,0,0.021195992
FALSE,TRUE,FALSE,1000,2,25,250,0.9,4,0.1,2,0.1,0.99,0.77,0,0,4250.9,0.9246573,0,3504.8,4041.2,0,0,0,-0.824503878,0,0.010546569
FALSE,TRUE,FALSE,1000,2,25,250,0.9,4,0.1,2,0.1,1,0.77,0,0,4248.07,0.9252932,0,3796.8,4396.1,0,0,0,-0.893762487,0,0.010135736
FALSE,TRUE,FALSE,1000,2,25,250,0.9,4,0.1,2,0.1,0.75,0.78,0,0,4249.6,0,0,4142.3,4258.9,0,0,0,-0.97478997,0,0.003396035
FALSE,TRUE,FALSE,1000,2,25,250,0.9,4,0.1,2,0.1,0.76,0.78,0,0,4246.28,0,0,4162.1,4253.7,0,0,0,-0.980192106,0,0.001923756
FALSE,TRUE,FALSE,1000,2,25,250,0.9,4,0.1,2,0.1,0.77,0.78,0,0,4245.72,0,0,4146,4218.8,0,0,0,-0.976528397,0,0.002142126
FALSE,TRUE,FALSE,1000,2,25,250,0.9,4,0.1,2,0.1,0.78,0.78,0,0,4252.32,0,0,4151.2,4253.6,0,0,0,-0.976239908,0,0.00190894
FALSE,TRUE,FALSE,1000,2,25,250,0.9,4,0.1,2,0.1,0.79,0.78,0,0,4262.22,0,0,4164.2,4235.5,0,0,0,-0.977020943,0,0.002049503
FALSE,TRUE,FALSE,1000,2,25,250,0.9,4,0.1,2,0.1,0.8,0.78,0,0,4240.02,0,0,4152.6,4218,0,0,0,-0.979406309,0,0.002436365
FALSE,TRUE,FALSE,1000,2,25,250,0.9,4,0.1,2,0.1,0.81,0.78,0,0,4248.61,0,0,4133.8,4222.7,0,0,0,-0.973016231,0,0.002878867
FALSE,TRUE,FALSE,1000,2,25,250,0.9,4,0.1,2,0.1,0.82,0.78,0,0,4252.95,0,0,4120.2,4247.1,0,0,0,-0.968842724,0,0.00389197
FALSE,TRUE,FALSE,1000,2,25,250,0.9,4,0.1,2,0.1,0.83,0.78,0,0,4251.02,0,0,4135.6,4236.1,0,0,0,-0.972876589,0,0.002083188
FALSE,TRUE,FALSE,1000,2,25,250,0.9,4,0.1,2,0.1,0.84,0.78,0,0,4249.44,0,0,4136.5,4256.3,0,0,0,-0.973456223,0,0.002974791
FALSE,TRUE,FALSE,1000,2,25,250,0.9,4,0.1,2,0.1,0.85,0.78,0,0,4236.86,0,0,4117.3,4248.7,0,0,0,-0.971794699,0,0.002030719
FALSE,TRUE,FALSE,1000,2,25,250,0.9,4,0.1,2,0.1,0.86,0.78,0,0,4245.59,0,0,4133.7,4250.5,0,0,0,-0.973657896,0,0.001714166
FALSE,TRUE,FALSE,1000,2,25,250,0.9,4,0.1,2,0.1,0.87,0.78,0,0,4248.05,0,0,4105.4,4263.3,0,0,0,-0.966449979,0,0.002264353
FALSE,TRUE,FALSE,1000,2,25,250,0.9,4,0.1,2,0.1,0.88,0.78,0,0,4254.41,0.145675359,0,3941.7,4143.3,0,0,0,-0.926584506,0,0.031772456
FALSE,TRUE,FALSE,1000,2,25,250,0.9,4,0.1,2,0.1,0.89,0.78,0,0,4255.87,0.8822557,0,2011.7,2621,0,0,0,-0.472658764,0,0.029663707
FALSE,TRUE,FALSE,1000,2,25,250,0.9,4,0.1,2,0.1,0.9,0.78,0,0,4255.21,0.8022974,0,1213.4,2108.7,0.1,359,0.0282,-0.256909242,0.0282,0.067762467
FALSE,TRUE,FALSE,1000,2,25,250,0.9,4,0.1,2,0.1,0.91,0.78,0,0,4242.35,0.9137633,0,1336.9,1838.4,0,0,0,-0.314861923,0,0.033811505
FALSE,TRUE,FALSE,1000,2,25,250,0.9,4,0.1,2,0.1,0.92,0.78,0,0,4244.71,0.8959534,0,1456.2,2481.9,0,0,0,-0.343076871,0,0.025585665
FALSE,TRUE,FALSE,1000,2,25,250,0.9,4,0.1,2,0.1,0.93,0.78,0,0,4255.03,0.9195312,0,1616.1,2303.4,0,0,0,-0.379818616,0,0.019517872
FALSE,TRUE,FALSE,1000,2,25,250,0.9,4,0.1,2,0.1,0.94,0.78,0,0,4255.04,0.9144739,0,1598.8,2782.6,0,0,0,-0.375570985,0,0.023745578
FALSE,TRUE,FALSE,1000,2,25,250,0.9,4,0.1,2,0.1,0.95,0.78,0,0,4270.29,0.9182628,0,1991.6,2994.4,0,0,0,-0.466241983,0,0.025405896
FALSE,TRUE,FALSE,1000,2,25,250,0.9,4,0.1,2,0.1,0.96,0.78,0,0,4254.3,0.9288836,0,2260.7,2822.6,0,0,0,-0.531451569,0,0.014741534
FALSE,TRUE,FALSE,1000,2,25,250,0.9,4,0.1,2,0.1,0.97,0.78,0,0,4254.99,0.9269918,0,2489.5,3328.2,0,0,0,-0.585041144,0,0.013758921
FALSE,TRUE,FALSE,1000,2,25,250,0.9,4,0.1,2,0.1,0.98,0.78,0,0,4240.71,0.9286905,0,2920.4,3470.4,0,0,0,-0.688595743,0,0.014885716
FALSE,TRUE,FALSE,1000,2,25,250,0.9,4,0.1,2,0.1,0.99,0.78,0,0,4265.91,0.93122,0,3188.5,3672.3,0,0,0,-0.74743765,0,0.007685756
FALSE,TRUE,FALSE,1000,2,25,250,0.9,4,0.1,2,0.1,1,0.78,0,0,4244.82,0.9323625,0,3527.3,4063,0,0,0,-0.830998901,0,0.019294858
FALSE,TRUE,FALSE,1000,2,25,250,0.9,4,0.1,2,0.1,0.75,0.79,0,0,4252.65,0,0,4142.8,4268.6,0,0,0,-0.974234103,0,0.004093378
FALSE,TRUE,FALSE,1000,2,25,250,0.9,4,0.1,2,0.1,0.76,0.79,0,0,4255.69,0,0,4157.9,4247.9,0,0,0,-0.977058486,0,0.003097025
FALSE,TRUE,FALSE,1000,2,25,250,0.9,4,0.1,2,0.1,0.77,0.79,0,0,4246.66,0,0,4136.4,4236.6,0,0,0,-0.974068456,0,0.002816613
FALSE,TRUE,FALSE,1000,2,25,250,0.9,4,0.1,2,0.1,0.78,0.79,0,0,4272.58,0,0,4145.6,4249.2,0,0,0,-0.970320582,0,0.002677108
FALSE,TRUE,FALSE,1000,2,25,250,0.9,4,0.1,2,0.1,0.79,0.79,0,0,4242.91,0,0,4138.9,4250,0,0,0,-0.975503446,0,0.003062004
FALSE,TRUE,FALSE,1000,2,25,250,0.9,4,0.1,2,0.1,0.8,0.79,0,0,4254.07,0,0,4140,4242.6,0,0,0,-0.973205139,0,0.001915233
FALSE,TRUE,FALSE,1000,2,25,250,0.9,4,0.1,2,0.1,0.81,0.79,0,0,4249.02,0,0,4146.8,4250.4,0,0,0,-0.975976495,0,0.002579485
FALSE,TRUE,FALSE,1000,2,25,250,0.9,4,0.1,2,0.1,0.82,0.79,0,0,4239.8,0,0,4115.4,4271.4,0,0,0,-0.970713163,0,0.003241892
FALSE,TRUE,FALSE,1000,2,25,250,0.9,4,0.1,2,0.1,0.83,0.79,0,0,4245.33,0,0,4125.1,4237.5,0,0,0,-0.971710457,0,0.003167947
FALSE,TRUE,FALSE,1000,2,25,250,0.9,4,0.1,2,0.1,0.84,0.79,0,0,4254.09,0,0,4126.6,4257.3,0,0,0,-0.97003985,0,0.002598158
FALSE,TRUE,FALSE,1000,2,25,250,0.9,4,0.1,2,0.1,0.85,0.79,0,0,4258.87,0,0,4113,4253.5,0,0,0,-0.965812337,0,0.003556332
FALSE,TRUE,FALSE,1000,2,25,250,0.9,4,0.1,2,0.1,0.86,0.79,0,0,4249.23,0,0,4119.3,4229.2,0,0,0,-0.969483797,0,0.003083903
FALSE,TRUE,FALSE,1000,2,25,250,0.9,4,0.1,2,0.1,0.87,0.79,0,0,4265.6,0,0,4104.5,4252.1,0,0,0,-0.962266524,0,0.002716697
FALSE,TRUE,FALSE,1000,2,25,250,0.9,4,0.1,2,0.1,0.88,0.79,0,0,4248.89,0.15561304,0,4080.3,4275.6,0,0,0,-0.960325102,0,0.002433922
FALSE,TRUE,FALSE,1000,2,25,250,0.9,4,0.1,2,0.1,0.89,0.79,0,0,4245.46,0.8812264,0,1698.6,2587.6,0,0,0,-0.400735623,0,0.040881876
FALSE,TRUE,FALSE,1000,2,25,250,0.9,4,0.1,2,0.1,0.9,0.79,0,0,4254.78,0.8161723,0,1120.2,1503.2,0.1,400,0.02,-0.243404768,0.02,0.050923774
FALSE,TRUE,FALSE,1000,2,25,250,0.9,4,0.1,2,0.1,0.91,0.79,0,0,4258.04,0.7385134,0,591.6,1157.8,0.2,383.5,0.0466,-0.092035778,0.031408491,0.06150267
FALSE,TRUE,FALSE,1000,2,25,250,0.9,4,0.1,2,0.1,0.92,0.79,0,0,4245.01,0.7404966,0,728.9,1490.9,0.2,445,0.022,-0.149819551,0.016190532,0.062272958
FALSE,TRUE,FALSE,1000,2,25,250,0.9,4,0.1,2,0.1,0.93,0.79,0,0,4256.9,0.9185214,0,936,1925.5,0.11,0,0,-0.219758912,0,0.034219279
FALSE,TRUE,FALSE,1000,2,25,250,0.9,4,0.1,2,0.1,0.94,0.79,0,0,4270.27,0.8284734,0,1073.8,1681.4,0.1,451,0.0098,-0.241799501,0.0098,0.047021542
FALSE,TRUE,FALSE,1000,2,25,250,0.9,4,0.1,2,0.1,0.95,0.79,0,0,4249.18,0.9268542,0,1483.3,2517,0,0,0,-0.349123569,0,0.029153439
FALSE,TRUE,FALSE,1000,2,25,250,0.9,4,0.1,2,0.1,0.96,0.79,0,0,4238.55,0.9311889,0,1937.9,2584.9,0,0,0,-0.457208405,0,0.018322356
FALSE,TRUE,FALSE,1000,2,25,250,0.9,4,0.1,2,0.1,0.97,0.79,0,0,4249.36,0.9318127,0,2393.3,3134.3,0,0,0,-0.563211574,0,0.015938518
FALSE,TRUE,FALSE,1000,2,25,250,0.9,4,0.1,2,0.1,0.98,0.79,0,0,4251.6,0.9293397,0,2573,3438.4,0,0,0,-0.605046698,0,0.0202076
FALSE,TRUE,FALSE,1000,2,25,250,0.9,4,0.1,2,0.1,0.99,0.79,0,0,4251.65,0.9350369,0,2987.5,3561.5,0,0,0,-0.702764205,0,0.016710501
FALSE,TRUE,FALSE,1000,2,25,250,0.9,4,0.1,2,0.1,1,0.79,0,0,4260.12,0.9360739,0,3302.5,3883.1,0,0,0,-0.775291244,0,0.01057233
FALSE,TRUE,FALSE,1000,2,25,250,0.9,4,0.1,2,0.1,0.75,0.8,0,0,4255.85,0,0,4153.9,4237.3,0,0,0,-0.97606228,0,0.002166216
FALSE,TRUE,FALSE,1000,2,25,250,0.9,4,0.1,2,0.1,0.76,0.8,0,0,4251.44,0,0,4147.6,4259.2,0,0,0,-0.975607675,0,0.002890023
FALSE,TRUE,FALSE,1000,2,25,250,0.9,4,0.1,2,0.1,0.77,0.8,0,0,4270.73,0,0,4139.1,4268.5,0,0,0,-0.969211214,0,0.002925242
FALSE,TRUE,FALSE,1000,2,25,250,0.9,4,0.1,2,0.1,0.78,0.8,0,0,4263.69,0,0,4124.8,4235,0,0,0,-0.96743155,0,0.002018883
FALSE,TRUE,FALSE,1000,2,25,250,0.9,4,0.1,2,0.1,0.79,0.8,0,0,4264.1,0,0,4134.6,4267.1,0,0,0,-0.969638476,0,0.001819205
FALSE,TRUE,FALSE,1000,2,25,250,0.9,4,0.1,2,0.1,0.8,0.8,0,0,4255.2,0,0,4141,4266.1,0,0,0,-0.973191442,0,0.002151777
FALSE,TRUE,FALSE,1000,2,25,250,0.9,4,0.1,2,0.1,0.81,0.8,0,0,4238.11,0,0,4149.7,4255.4,0,0,0,-0.979149951,0,0.002573892
FALSE,TRUE,FALSE,1000,2,25,250,0.9,4,0.1,2,0.1,0.82,0.8,0,0,4255.44,0,0,4132.4,4250.2,0,0,0,-0.971120455,0,0.002564499
FALSE,TRUE,FALSE,1000,2,25,250,0.9,4,0.1,2,0.1,0.83,0.8,0,0,4239.66,0,0,4130.5,4267.2,0,0,0,-0.974295988,0,0.003377576
FALSE,TRUE,FALSE,1000,2,25,250,0.9,4,0.1,2,0.1,0.84,0.8,0,0,4255.19,0,0,4109.1,4244.5,0,0,0,-0.965691859,0,0.002122472
FALSE,TRUE,FALSE,1000,2,25,250,0.9,4,0.1,2,0.1,0.85,0.8,0,0,4245.71,0,0,4116.6,4238.1,0,0,0,-0.969606063,0,0.00204263
FALSE,TRUE,FALSE,1000,2,25,250,0.9,4,0.1,2,0.1,0.86,0.8,0,0,4258.11,0,0,4111.6,4269.3,0,0,0,-0.965621021,0,0.002468844
FALSE,TRUE,FALSE,1000,2,25,250,0.9,4,0.1,2,0.1,0.87,0.8,0,0,4248.5,0.00112424,0,4090.5,4274.6,0,0,0,-0.962853351,0,0.002968107
FALSE,TRUE,FALSE,1000,2,25,250,0.9,4,0.1,2,0.1,0.88,0.8,0,0,4237.48,0.32091678,0,4007.8,4219.3,0,0,0,-0.945751511,0,0.010324149
FALSE,TRUE,FALSE,1000,2,25,250,0.9,4,0.1,2,0.1,0.89,0.8,0,0,4251.74,0.7103643,0,1000.5,1238.9,0.2,453,0.0188,-0.216270905,0.015933752,0.061959485
FALSE,TRUE,FALSE,1000,2,25,250,0.9,4,0.1,2,0.1,0.9,0.8,0,0,4247.51,0.2653296,0,191.3,541.5,0.7,417.8571429,0.115,0.069900301,0.035903884,0.055781807
FALSE,TRUE,FALSE,1000,2,25,250,0.9,4,0.1,2,0.1,0.91,0.8,0,0,4268.8,0.2756398,0,199.4,346.6,0.7,359.8571429,0.1962,0.149540796,0.048618652,0.070893909
FALSE,TRUE,FALSE,1000,2,25,250,0.9,4,0.1,2,0.1,0.92,0.8,0,0,4235.65,0.3696283,0,135.4,535,0.6,330,0.204,0.172071888,0.058851225,0.071616898
FALSE,TRUE,FALSE,1000,2,25,250,0.9,4,0.1,2,0.1,0.93,0.8,0,0,4236.38,0.6446615,0,357.9,700.8,0.3,414,0.0516,-0.032845518,0.032351953,0.052679512
FALSE,TRUE,FALSE,1000,2,25,250,0.9,4,0.1,2,0.1,0.94,0.8,0,0,4253.48,0.6509769,0,620.4,1154,0.3,428.6666667,0.0428,-0.103415689,0.036378504,0.067609228
FALSE,TRUE,FALSE,1000,2,25,250,0.9,4,0.1,2,0.1,0.95,0.8,0,0,4242.91,0.7478361,0,887,1609.5,0.2,336.5,0.0654,-0.143467751,0.043947494,0.082711963
FALSE,TRUE,FALSE,1000,2,25,250,0.9,4,0.1,2,0.1,0.96,0.8,0,0,4253.62,0.8446139,0,1255.1,1847.7,0.1,330,0.034,-0.261162507,0.034,0.069947124
FALSE,TRUE,FALSE,1000,2,25,250,0.9,4,0.1,2,0.1,0.97,0.8,0,0,4255.24,0.9385044,0,1888.1,2338.8,0,0,0,-0.443741532,0,0.014975891
FALSE,TRUE,FALSE,1000,2,25,250,0.9,4,0.1,2,0.1,0.98,0.8,0,0,4246.57,0.9382228,0,2233.2,2689.3,0,0,0,-0.525901955,0,0.018190032
FALSE,TRUE,FALSE,1000,2,25,250,0.9,4,0.1,2,0.1,0.99,0.8,0,0,4255.23,0.9378615,0,2644.6,3289,0,0,0,-0.62147184,0,0.011980657
FALSE,TRUE,FALSE,1000,2,25,250,0.9,4,0.1,2,0.1,1,0.8,0,0,4246.32,0.9380023,0,3009.5,3554.9,0,0,0,-0.708713746,0,0.007432397
FALSE,TRUE,FALSE,1000,2,25,250,0.9,4,0.1,2,0.1,0.75,0.81,0,0,4247.79,0,0,4177.7,4265.4,0,0,0,-0.983522052,0,0.002210576
FALSE,TRUE,FALSE,1000,2,25,250,0.9,4,0.1,2,0.1,0.76,0.81,0,0,4241.4,0,0,4140.8,4259,0,0,0,-0.976316731,0,0.002820002
FALSE,TRUE,FALSE,1000,2,25,250,0.9,4,0.1,2,0.1,0.77,0.81,0,0,4241.21,0,0,4156.7,4246.9,0,0,0,-0.98008346,0,0.002261402
FALSE,TRUE,FALSE,1000,2,25,250,0.9,4,0.1,2,0.1,0.78,0.81,0,0,4252.13,0,0,4138.5,4250.6,0,0,0,-0.973340188,0,0.003657518
FALSE,TRUE,FALSE,1000,2,25,250,0.9,4,0.1,2,0.1,0.79,0.81,0,0,4252.68,0,0,4142.8,4277.6,0,0,0,-0.974195596,0,0.002158539
FALSE,TRUE,FALSE,1000,2,25,250,0.9,4,0.1,2,0.1,0.8,0.81,0,0,4256.44,0,0,4136.4,4221.8,0,0,0,-0.97186843,0,0.003603616
FALSE,TRUE,FALSE,1000,2,25,250,0.9,4,0.1,2,0.1,0.81,0.81,0,0,4245.55,0,0,4127.4,4266.3,0,0,0,-0.972186183,0,0.001777041
FALSE,TRUE,FALSE,1000,2,25,250,0.9,4,0.1,2,0.1,0.82,0.81,0,0,4256.12,0,0,4127.6,4289.3,0,0,0,-0.969818273,0,0.002347646
FALSE,TRUE,FALSE,1000,2,25,250,0.9,4,0.1,2,0.1,0.83,0.81,0,0,4268.23,0,0,4125,4257.4,0,0,0,-0.966494303,0,0.003379654
FALSE,TRUE,FALSE,1000,2,25,250,0.9,4,0.1,2,0.1,0.84,0.81,0,0,4249.37,0,0,4114,4228.7,0,0,0,-0.968180974,0,0.00263634
FALSE,TRUE,FALSE,1000,2,25,250,0.9,4,0.1,2,0.1,0.85,0.81,0,0,4257.21,0,0,4129.9,4264.8,0,0,0,-0.970194009,0,0.003887675
FALSE,TRUE,FALSE,1000,2,25,250,0.9,4,0.1,2,0.1,0.86,0.81,0,0,4257.92,0,0,4118.1,4243.4,0,0,0,-0.967178612,0,0.001852449
FALSE,TRUE,FALSE,1000,2,25,250,0.9,4,0.1,2,0.1,0.87,0.81,0,0,4252.67,0,0,4097.8,4250.5,0,0,0,-0.963635363,0,0.002640854
FALSE,TRUE,FALSE,1000,2,25,250,0.9,4,0.1,2,0.1,0.88,0.81,0,0,4244.18,0.42566393,0,3421.7,3672.1,0,0,0,-0.806754774,0,0.094314622
FALSE,TRUE,FALSE,1000,2,25,250,0.9,4,0.1,2,0.1,0.89,0.81,0,0,4244.42,0.4464588,0,327.8,523.8,0.5,439.4,0.0606,-0.016501626,0.025638599,0.062236794
FALSE,TRUE,FALSE,1000,2,25,250,0.9,4,0.1,2,0.1,0.9,0.81,0,0,4242.08,0.0892994,0,92.5,208.4,0.9,406.5555556,0.1682,0.146379331,0.038153433,0.052415973
FALSE,TRUE,FALSE,1000,2,25,250,0.9,4,0.1,2,0.1,0.91,0.81,0,0,4247.41,0.1889961,0,63.1,185.1,0.8,381.125,0.1902,0.175459293,0.042637959,0.051317319
FALSE,TRUE,FALSE,1000,2,25,250,0.9,4,0.1,2,0.1,0.92,0.81,0,0,4242.82,0.0922242,0,31.5,55.3,0.9,365.4444444,0.2422,0.234755479,0.049801785,0.054187815
FALSE,TRUE,FALSE,1000,2,25,250,0.9,4,0.1,2,0.1,0.93,0.81,0,0,4256.58,0.3682949,0,237.1,737.7,0.6,348.6666667,0.1816,0.125649241,0.058422827,0.079533081
FALSE,TRUE,FALSE,1000,2,25,250,0.9,4,0.1,2,0.1,0.94,0.81,0,0,4252.59,0.3833718,0,194.1,393.9,0.6,323.1666667,0.2122,0.166144932,0.060543795,0.081225566
FALSE,TRUE,FALSE,1000,2,25,250,0.9,4,0.1,2,0.1,0.95,0.81,0,0,4257.24,0.3769356,0,258.3,418.4,0.6,370,0.156,0.09533437,0.055722327,0.07760393
FALSE,TRUE,FALSE,1000,2,25,250,0.9,4,0.1,2,0.1,0.96,0.81,0,0,4251.25,0.844691,0,777.4,1186.8,0.1,337,0.0326,-0.150206401,0.0326,0.0616126
FALSE,TRUE,FALSE,1000,2,25,250,0.9,4,0.1,2,0.1,0.97,0.81,0,0,4245.68,0.8452651,0,1276.3,1949.7,0.1,390,0.022,-0.278757027,0.022,0.05701058
FALSE,TRUE,FALSE,1000,2,25,250,0.9,4,0.1,2,0.1,0.98,0.81,0,0,4231.95,0.9412181,0,1665.1,2532.2,0,0,0,-0.393347902,0,0.02073674
FALSE,TRUE,FALSE,1000,2,25,250,0.9,4,0.1,2,0.1,0.99,0.81,0,0,4245.68,0.9430354,0,2250.4,2840.4,0,0,0,-0.530009426,0,0.015131053
FALSE,TRUE,FALSE,1000,2,25,250,0.9,4,0.1,2,0.1,1,0.81,0,0,4248.65,0.9418833,0,2548.1,3216.5,0,0,0,-0.599720896,0,0.017581187
FALSE,TRUE,FALSE,1000,2,25,250,0.9,4,0.1,2,0.1,0.75,0.82,0,0,4253.94,0,0,4153.2,4286.6,0,0,0,-0.976424207,0,0.004321654
FALSE,TRUE,FALSE,1000,2,25,250,0.9,4,0.1,2,0.1,0.76,0.82,0,0,4242.56,0,0,4147.3,4256.9,0,0,0,-0.977625016,0,0.003364043
FALSE,TRUE,FALSE,1000,2,25,250,0.9,4,0.1,2,0.1,0.77,0.82,0,0,4238.78,0,0,4167.1,4256.9,0,0,0,-0.983099589,0,0.0021335
FALSE,TRUE,FALSE,1000,2,25,250,0.9,4,0.1,2,0.1,0.78,0.82,0,0,4252.03,0,0,4134.5,4259.6,0,0,0,-0.972449866,0,0.0042198
FALSE,TRUE,FALSE,1000,2,25,250,0.9,4,0.1,2,0.1,0.79,0.82,0,0,4251.41,0,0,4139.2,4226.7,0,0,0,-0.973618447,0,0.001926302
FALSE,TRUE,FALSE,1000,2,25,250,0.9,4,0.1,2,0.1,0.8,0.82,0,0,4247.82,0,0,4144,4284.1,0,0,0,-0.975608511,0,0.002908607
FALSE,TRUE,FALSE,1000,2,25,250,0.9,4,0.1,2,0.1,0.81,0.82,0,0,4241.51,0,0,4136.8,4252.9,0,0,0,-0.975346834,0,0.003205837
FALSE,TRUE,FALSE,1000,2,25,250,0.9,4,0.1,2,0.1,0.82,0.82,0,0,4241.69,0,0,4135.9,4263.1,0,0,0,-0.975127227,0,0.003238287
FALSE,TRUE,FALSE,1000,2,25,250,0.9,4,0.1,2,0.1,0.83,0.82,0,0,4258.95,0,0,4138.9,4250.7,0,0,0,-0.971843534,0,0.002905785
FALSE,TRUE,FALSE,1000,2,25,250,0.9,4,0.1,2,0.1,0.84,0.82,0,0,4250.01,0,0,4136.6,4220.5,0,0,0,-0.973345396,0,0.002206112
FALSE,TRUE,FALSE,1000,2,25,250,0.9,4,0.1,2,0.1,0.85,0.82,0,0,4236.05,0,0,4116.5,4242.1,0,0,0,-0.971831942,0,0.003794501
FALSE,TRUE,FALSE,1000,2,25,250,0.9,4,0.1,2,0.1,0.86,0.82,0,0,4241.1,0,0,4107.1,4246.1,0,0,0,-0.968472878,0,0.00344198
FALSE,TRUE,FALSE,1000,2,25,250,0.9,4,0.1,2,0.1,0.87,0.82,0,0,4255.39,0.001310156,0,4096.7,4259.6,0,0,0,-0.962755023,0,0.002807108
FALSE,TRUE,FALSE,1000,2,25,250,0.9,4,0.1,2,0.1,0.88,0.82,0,0,4240.67,0.56417323,0,2638.4,2806.5,0,0,0,-0.622239055,0,0.136648326
FALSE,TRUE,FALSE,1000,2,25,250,0.9,4,0.1,2,0.1,0.89,0.82,0,0,4244.09,0.4371803,0,689.5,1135.4,0.5,438.4,0.0616,-0.101091361,0.026341012,0.108330269
FALSE,TRUE,FALSE,1000,2,25,250,0.9,4,0.1,2,0.1,0.9,0.82,0,0,4243.69,0.0833333,0,0.3,0.3,0.9,361.3333333,0.2496,0.249529523,0.045047925,0.045091348
FALSE,TRUE,FALSE,1000,2,25,250,0.9,4,0.1,2,0.1,0.91,0.82,0,0,4243.03,0,0,0,0,1,319.9,0.3602,0.3602,0.044810167,0.044810167
FALSE,TRUE,FALSE,1000,2,25,250,0.9,4,0.1,2,0.1,0.92,0.82,0,0,4243.41,0,0,0,0,1,314.5,0.371,0.371,0.044799058,0.044799058
FALSE,TRUE,FALSE,1000,2,25,250,0.9,4,0.1,2,0.1,0.93,0.82,0,0,4263.09,0,0,0,0,1,301.8,0.3964,0.3964,0.030891639,0.030891639
FALSE,TRUE,FALSE,1000,2,25,250,0.9,4,0.1,2,0.1,0.94,0.82,0,0,4252.56,0,0,0,0,1,336.8,0.3264,0.3264,0.046559687,0.046559687
FALSE,TRUE,FALSE,1000,2,25,250,0.9,4,0.1,2,0.1,0.95,0.82,0,0,4244.14,0,0,0,0,1,346.1,0.3078,0.3078,0.051762234,0.051762234
FALSE,TRUE,FALSE,1000,2,25,250,0.9,4,0.1,2,0.1,0.96,0.82,0,0,4257.05,0.0940801,0,51.2,219.6,0.9,382.8888889,0.2108,0.198723104,0.053285145,0.059589375
FALSE,TRUE,FALSE,1000,2,25,250,0.9,4,0.1,2,0.1,0.97,0.82,0,0,4244.04,0.6594501,0,566.6,931.7,0.3,410,0.054,-0.079279674,0.030864579,0.065021872
FALSE,TRUE,FALSE,1000,2,25,250,0.9,4,0.1,2,0.1,0.98,0.82,0,0,4250.72,0.9452681,0,1329.6,2121.3,0.11,0,0,-0.312799895,0,0.018994809
FALSE,TRUE,FALSE,1000,2,25,250,0.9,4,0.1,2,0.1,0.99,0.82,0,0,4249.29,0.9470468,0,1618.3,2544.3,0,0,0,-0.38082758,0,0.02373576
FALSE,TRUE,FALSE,1000,2,25,250,0.9,4,0.1,2,0.1,1,0.82,0,0,4257.02,0.9482925,0,2217.4,2699.8,0,0,0,-0.520892614,0,0.015437251
FALSE,TRUE,FALSE,1000,2,25,250,0.9,4,0.1,2,0.1,0.75,0.83,0,0,4255.06,0,0,4158.4,4265.6,0,0,0,-0.977289888,0,0.002816175
FALSE,TRUE,FALSE,1000,2,25,250,0.9,4,0.1,2,0.1,0.76,0.83,0,0,4256.85,0,0,4150.6,4232.2,0,0,0,-0.975056014,0,0.00230975
FALSE,TRUE,FALSE,1000,2,25,250,0.9,4,0.1,2,0.1,0.77,0.83,0,0,4261.85,0,0,4146.2,4244.2,0,0,0,-0.972892479,0,0.002502851
FALSE,TRUE,FALSE,1000,2,25,250,0.9,4,0.1,2,0.1,0.78,0.83,0,0,4254.73,0,0,4144,4246,0,0,0,-0.974002617,0,0.002273135
FALSE,TRUE,FALSE,1000,2,25,250,0.9,4,0.1,2,0.1,0.79,0.83,0,0,4249.45,0,0,4152.1,4249.1,0,0,0,-0.977120345,0,0.002924212
FALSE,TRUE,FALSE,1000,2,25,250,0.9,4,0.1,2,0.1,0.8,0.83,0,0,4242.7,0,0,4150,4245.3,0,0,0,-0.978168548,0,0.00215662
FALSE,TRUE,FALSE,1000,2,25,250,0.9,4,0.1,2,0.1,0.81,0.83,0,0,4257.22,0,0,4126.3,4241,0,0,0,-0.969297355,0,0.003115326
FALSE,TRUE,FALSE,1000,2,25,250,0.9,4,0.1,2,0.1,0.82,0.83,0,0,4249.28,0,0,4130.4,4244.9,0,0,0,-0.972035736,0,0.001266013
FALSE,TRUE,FALSE,1000,2,25,250,0.9,4,0.1,2,0.1,0.83,0.83,0,0,4228.06,0,0,4124.7,4255.2,0,0,0,-0.975601882,0,0.003336382
FALSE,TRUE,FALSE,1000,2,25,250,0.9,4,0.1,2,0.1,0.84,0.83,0,0,4269.04,0,0,4105,4263.2,0,0,0,-0.961617791,0,0.002844032
FALSE,TRUE,FALSE,1000,2,25,250,0.9,4,0.1,2,0.1,0.85,0.83,0,0,4252.38,0,0,4120.4,4246.8,0,0,0,-0.968993216,0,0.002438091
FALSE,TRUE,FALSE,1000,2,25,250,0.9,4,0.1,2,0.1,0.86,0.83,0,0,4241.07,0,0,4112.7,4240.3,0,0,0,-0.969753951,0,0.002596547
FALSE,TRUE,FALSE,1000,2,25,250,0.9,4,0.1,2,0.1,0.87,0.83,0,0,4266.27,0.001012375,0,4112.6,4252.7,0,0,0,-0.964001922,0,0.001918773
FALSE,TRUE,FALSE,1000,2,25,250,0.9,4,0.1,2,0.1,0.88,0.83,0,0,4240,0.5730733,0,2138.6,2245,0.2,434,0.0264,-0.478184639,0.017622713,0.153702056
FALSE,TRUE,FALSE,1000,2,25,250,0.9,4,0.1,2,0.1,0.89,0.83,0,0,4249.82,0.0861797,0,16.2,202.6,0.9,372.3333333,0.2298,0.225951379,0.041318761,0.043801691
FALSE,TRUE,FALSE,1000,2,25,250,0.9,4,0.1,2,0.1,0.9,0.83,0,0,4234.35,0.0970588,0,6.7,6.8,0.9,329.6666667,0.3066,0.30501172,0.044033371,0.045273339
FALSE,TRUE,FALSE,1000,2,25,250,0.9,4,0.1,2,0.1,0.91,0.83,0,0,4243.96,0,0,0,0,1,307.8,0.3844,0.3844,0.030771993,0.030771993
FALSE,TRUE,FALSE,1000,2,25,250,0.9,4,0.1,2,0.1,0.92,0.83,0,0,4249.49,0,0,0,0,1,266.6,0.4668,0.4668,0.028314425,0.028314425
FALSE,TRUE,FALSE,1000,2,25,250,0.9,4,0.1,2,0.1,0.93,0.83,0,0,4257.03,0,0,0,0,1,287.9,0.4242,0.4242,0.026602339,0.026602339
FALSE,TRUE,FALSE,1000,2,25,250,0.9,4,0.1,2,0.1,0.94,0.83,0,0,4235.01,0,0,0,0,1,270.1,0.4598,0.4598,0.021317598,0.021317598
FALSE,TRUE,FALSE,1000,2,25,250,0.9,4,0.1,2,0.1,0.95,0.83,0,0,4244.06,0.093531,0,10.6,74.2,0.9,332.6666667,0.3012,0.298700766,0.049620963,0.051339733
FALSE,TRUE,FALSE,1000,2,25,250,0.9,4,0.1,2,0.1,0.96,0.83,0,0,4269.57,0,0,0,0,1,329.5,0.341,0.341,0.045920947,0.045920947
FALSE,TRUE,FALSE,1000,2,25,250,0.9,4,0.1,2,0.1,0.97,0.83,0,0,4250.77,0.3754542,0,135,358.7,0.6,348.8333333,0.1814,0.14959962,0.054477763,0.067457649
FALSE,TRUE,FALSE,1000,2,25,250,0.9,4,0.1,2,0.1,0.98,0.83,0,0,4244.65,0.6619482,0,543.4,1204.2,0.3,450.6666667,0.0296,-0.09829865,0.022973995,0.050598571
FALSE,TRUE,FALSE,1000,2,25,250,0.9,4,0.1,2,0.1,0.99,0.83,0,0,4256.39,0.9471361,0,1024.3,1657.7,0.11,0,0,-0.240819484,0,0.027781361
FALSE,TRUE,FALSE,1000,2,25,250,0.9,4,0.1,2,0.1,1,0.83,0,0,4271.14,0.9511822,0,1702.9,2471.2,0,0,0,-0.398609961,0,0.013831735
FALSE,TRUE,FALSE,1000,2,25,250,0.9,4,0.1,2,0.1,0.75,0.84,0,0,4270.43,0,0,4176.1,4230.6,0,0,0,-0.977937665,0,0.002907404
FALSE,TRUE,FALSE,1000,2,25,250,0.9,4,0.1,2,0.1,0.76,0.84,0,0,4253.84,0,0,4135,4273.9,0,0,0,-0.972080688,0,0.002801374
FALSE,TRUE,FALSE,1000,2,25,250,0.9,4,0.1,2,0.1,0.77,0.84,0,0,4263.45,0,0,4146.6,4264.6,0,0,0,-0.972583383,0,0.002733933
FALSE,TRUE,FALSE,1000,2,25,250,0.9,4,0.1,2,0.1,0.78,0.84,0,0,4254.37,0,0,4138.1,4272.7,0,0,0,-0.972692549,0,0.002074698
FALSE,TRUE,FALSE,1000,2,25,250,0.9,4,0.1,2,0.1,0.79,0.84,0,0,4243.56,0,0,4135.2,4212.6,0,0,0,-0.974513812,0,0.003600648
FALSE,TRUE,FALSE,1000,2,25,250,0.9,4,0.1,2,0.1,0.8,0.84,0,0,4251.01,0,0,4150.3,4251.4,0,0,0,-0.976329949,0,0.002486176
FALSE,TRUE,FALSE,1000,2,25,250,0.9,4,0.1,2,0.1,0.81,0.84,0,0,4240.99,0,0,4161.7,4261.3,0,0,0,-0.981350903,0,0.003398348
FALSE,TRUE,FALSE,1000,2,25,250,0.9,4,0.1,2,0.1,0.82,0.84,0,0,4251.51,0,0,4145.8,4259.6,0,0,0,-0.975178532,0,0.003019694
FALSE,TRUE,FALSE,1000,2,25,250,0.9,4,0.1,2,0.1,0.83,0.84,0,0,4246.3,0,0,4131.5,4254,0,0,0,-0.972992799,0,0.002645501
FALSE,TRUE,FALSE,1000,2,25,250,0.9,4,0.1,2,0.1,0.84,0.84,0,0,4240.09,0,0,4125.9,4256,0,0,0,-0.973086307,0,0.002410367
FALSE,TRUE,FALSE,1000,2,25,250,0.9,4,0.1,2,0.1,0.85,0.84,0,0,4244.56,0,0,4105.8,4235.4,0,0,0,-0.967325103,0,0.001880713
FALSE,TRUE,FALSE,1000,2,25,250,0.9,4,0.1,2,0.1,0.86,0.84,0,0,4243.43,0,0,4107,4247.3,0,0,0,-0.967882411,0,0.002526466
FALSE,TRUE,FALSE,1000,2,25,250,0.9,4,0.1,2,0.1,0.87,0.84,0,0,4247.52,0.011415258,0,4076.6,4257.4,0,0,0,-0.95976456,0,0.001978755
FALSE,TRUE,FALSE,1000,2,25,250,0.9,4,0.1,2,0.1,0.88,0.84,0,0,4259.03,0.5371157,0,709.1,933.6,0.4,398.25,0.0814,-0.085247127,0.038058493,0.091804377
FALSE,TRUE,FALSE,1000,2,25,250,0.9,4,0.1,2,0.1,0.89,0.84,0,0,4261.43,0.0923166,0,53.2,173.1,0.9,356.8888889,0.2576,0.245099119,0.04013289,0.049824963
FALSE,TRUE,FALSE,1000,2,25,250,0.9,4,0.1,2,0.1,0.9,0.84,0,0,4258.27,0,0,0,0,1,311.1,0.3778,0.3778,0.026783826,0.026783826
FALSE,TRUE,FALSE,1000,2,25,250,0.9,4,0.1,2,0.1,0.91,0.84,0,0,4259.88,0,0,0,0,1,281.8,0.4364,0.4364,0.020408713,0.020408713
FALSE,TRUE,FALSE,1000,2,25,250,0.9,4,0.1,2,0.1,0.92,0.84,0,0,4240.96,0,0,0,0,1,253,0.494,0.494,0.034512478,0.034512478
FALSE,TRUE,FALSE,1000,2,25,250,0.9,4,0.1,2,0.1,0.93,0.84,0,0,4247.19,0,0,0,0,1,257.6,0.4848,0.4848,0.025623253,0.025623253
FALSE,TRUE,FALSE,1000,2,25,250,0.9,4,0.1,2,0.1,0.94,0.84,0,0,4259.27,0,0,0,0,1,277.1,0.4458,0.4458,0.037399287,0.037399287
FALSE,TRUE,FALSE,1000,2,25,250,0.9,4,0.1,2,0.1,0.95,0.84,0,0,4239.35,0,0,0,0,1,244.9,0.5102,0.5102,0.017485105,0.017485105
FALSE,TRUE,FALSE,1000,2,25,250,0.9,4,0.1,2,0.1,0.96,0.84,0,0,4257.47,0,0,0,0,1,272.5,0.455,0.455,0.031568268,0.031568268
FALSE,TRUE,FALSE,1000,2,25,250,0.9,4,0.1,2,0.1,0.97,0.84,0,0,4249.69,0.096357,0,43.4,54.9,0.9,311.1111111,0.34,0.329905099,0.061946931,0.068571533
FALSE,TRUE,FALSE,1000,2,25,250,0.9,4,0.1,2,0.1,0.98,0.84,0,0,4255.95,0.1909363,0,87.4,292.2,0.8,365.125,0.2158,0.195260227,0.057358483,0.067691722
FALSE,TRUE,FALSE,1000,2,25,250,0.9,4,0.1,2,0.1,0.99,0.84,0,0,4242.66,0.5757626,0,345.1,658.8,0.4,350.75,0.1194,0.037768493,0.054244754,0.078761978
FALSE,TRUE,FALSE,1000,2,25,250,0.9,4,0.1,2,0.1,1,0.84,0,0,4248.58,0.8561262,0,971.8,1569.6,0.1,407,0.0186,-0.210420676,0.0186,0.054615826
FALSE,TRUE,FALSE,1000,2,25,250,0.9,4,0.1,2,0.1,0.75,0.85,0,0,4251.87,0,0,4165.6,4259.8,0,0,0,-0.979750369,0,0.003717854
FALSE,TRUE,FALSE,1000,2,25,250,0.9,4,0.1,2,0.1,0.76,0.85,0,0,4241.29,0,0,4147.3,4269.9,0,0,0,-0.977869908,0,0.002494019
FALSE,TRUE,FALSE,1000,2,25,250,0.9,4,0.1,2,0.1,0.77,0.85,0,0,4272.67,0,0,4150.1,4271.4,0,0,0,-0.971348916,0,0.003294389
FALSE,TRUE,FALSE,1000,2,25,250,0.9,4,0.1,2,0.1,0.78,0.85,0,0,4254.52,0,0,4145.8,4255.5,0,0,0,-0.974453695,0,0.0020474
FALSE,TRUE,FALSE,1000,2,25,250,0.9,4,0.1,2,0.1,0.79,0.85,0,0,4240.73,0,0,4117.4,4233.2,0,0,0,-0.970948879,0,0.003397374
FALSE,TRUE,FALSE,1000,2,25,250,0.9,4,0.1,2,0.1,0.8,0.85,0,0,4253.72,0,0,4141.9,4248.9,0,0,0,-0.973773755,0,0.003517666
FALSE,TRUE,FALSE,1000,2,25,250,0.9,4,0.1,2,0.1,0.81,0.85,0,0,4256.78,0,0,4129.2,4229,0,0,0,-0.97016862,0,0.004605381
FALSE,TRUE,FALSE,1000,2,25,250,0.9,4,0.1,2,0.1,0.82,0.85,0,0,4246.01,0,0,4133.5,4254,0,0,0,-0.973511926,0,0.002534578
FALSE,TRUE,FALSE,1000,2,25,250,0.9,4,0.1,2,0.1,0.83,0.85,0,0,4250.98,0,0,4122.1,4246.6,0,0,0,-0.969713275,0,0.002425659
FALSE,TRUE,FALSE,1000,2,25,250,0.9,4,0.1,2,0.1,0.84,0.85,0,0,4247.02,0,0,4125.7,4276.3,0,0,0,-0.971459911,0,0.002069926
FALSE,TRUE,FALSE,1000,2,25,250,0.9,4,0.1,2,0.1,0.85,0.85,0,0,4279.18,0,0,4120.8,4237.6,0,0,0,-0.963013058,0,0.001920832
FALSE,TRUE,FALSE,1000,2,25,250,0.9,4,0.1,2,0.1,0.86,0.85,0,0,4240.05,0,0,4109.7,4249.3,0,0,0,-0.969276155,0,0.002260481
FALSE,TRUE,FALSE,1000,2,25,250,0.9,4,0.1,2,0.1,0.87,0.85,0,0,4251.15,0.183958703,0,3837.3,3953.6,0,0,0,-0.902952907,0,0.042930427
FALSE,TRUE,FALSE,1000,2,25,250,0.9,4,0.1,2,0.1,0.88,0.85,0,0,4251.83,0.362139,0,161.7,451.7,0.6,413.8333333,0.1034,0.065242402,0.033506285,0.049459184
FALSE,TRUE,FALSE,1000,2,25,250,0.9,4,0.1,2,0.1,0.89,0.85,0,0,4256.21,0,0,0,0,1,334.8,0.3304,0.3304,0.016198217,0.016198217
FALSE,TRUE,FALSE,1000,2,25,250,0.9,4,0.1,2,0.1,0.9,0.85,0,0,4255.67,0,0,0,0,1,296,0.408,0.408,0.024097948,0.024097948
FALSE,TRUE,FALSE,1000,2,25,250,0.9,4,0.1,2,0.1,0.91,0.85,0,0,4243.31,0,0,0,0,1,250,0.5,0.5,0.016016658,0.016016658
FALSE,TRUE,FALSE,1000,2,25,250,0.9,4,0.1,2,0.1,0.92,0.85,0,0,4251.58,0,0,0,0,1,233.6,0.5328,0.5328,0.021541072,0.021541072
FALSE,TRUE,FALSE,1000,2,25,250,0.9,4,0.1,2,0.1,0.93,0.85,0,0,4253.67,0,0,0,0,1,231.6,0.5368,0.5368,0.013330666,0.013330666
FALSE,TRUE,FALSE,1000,2,25,250,0.9,4,0.1,2,0.1,0.94,0.85,0,0,4247.93,0,0,0,0,1,224.1,0.5518,0.5518,0.009681368,0.009681368
FALSE,TRUE,FALSE,1000,2,25,250,0.9,4,0.1,2,0.1,0.95,0.85,0,0,4257.69,0,0,0,0,1,232.9,0.5342,0.5342,0.01609541,0.01609541
FALSE,TRUE,FALSE,1000,2,25,250,0.9,4,0.1,2,0.1,0.96,0.85,0,0,4250.07,0,0,0,0,1,232.6,0.5348,0.5348,0.016028308,0.016028308
FALSE,TRUE,FALSE,1000,2,25,250,0.9,4,0.1,2,0.1,0.97,0.85,0,0,4260.24,0,0,0,0,1,273.4,0.4532,0.4532,0.02328223,0.02328223
FALSE,TRUE,FALSE,1000,2,25,250,0.9,4,0.1,2,0.1,0.98,0.85,0,0,4244.99,0,0,0,0,1,279.7,0.4406,0.4406,0.025640333,0.025640333
FALSE,TRUE,FALSE,1000,2,25,250,0.9,4,0.1,2,0.1,0.99,0.85,0,0,4260.33,0.1905432,0,59,146.4,0.8,360.875,0.2226,0.208736193,0.053506427,0.060298907
FALSE,TRUE,FALSE,1000,2,25,250,0.9,4,0.1,2,0.1,1,0.85,0,0,4265.15,0.6743404,0,396.1,764.6,0.3,374,0.0756,-0.017228998,0.040581112,0.064312027
FALSE,TRUE,FALSE,1000,2,25,250,0.9,4,0.1,2,0.1,0.75,0.86,0,0,4247.84,0,0,4155.9,4267.2,0,0,0,-0.978377895,0,0.002401511
FALSE,TRUE,FALSE,1000,2,25,250,0.9,4,0.1,2,0.1,0.76,0.86,0,0,4246.89,0,0,4165.5,4259.8,0,0,0,-0.980847284,0,0.00212932
FALSE,TRUE,FALSE,1000,2,25,250,0.9,4,0.1,2,0.1,0.77,0.86,0,0,4256.9,0,0,4145.5,4261,0,0,0,-0.973863599,0,0.002598029
FALSE,TRUE,FALSE,1000,2,25,250,0.9,4,0.1,2,0.1,0.78,0.86,0,0,4246.53,0,0,4146.7,4265.2,0,0,0,-0.976579014,0,0.004706473
FALSE,TRUE,FALSE,1000,2,25,250,0.9,4,0.1,2,0.1,0.79,0.86,0,0,4272.85,0,0,4131.7,4244.6,0,0,0,-0.966984919,0,0.00238166
FALSE,TRUE,FALSE,1000,2,25,250,0.9,4,0.1,2,0.1,0.8,0.86,0,0,4241.49,0,0,4122.9,4244.2,0,0,0,-0.972056214,0,0.003587923
FALSE,TRUE,FALSE,1000,2,25,250,0.9,4,0.1,2,0.1,0.81,0.86,0,0,4253.71,0,0,4149.3,4271.2,0,0,0,-0.975502653,0,0.003768179
FALSE,TRUE,FALSE,1000,2,25,250,0.9,4,0.1,2,0.1,0.82,0.86,0,0,4244.28,0,0,4126.1,4262.5,0,0,0,-0.972189396,0,0.002720687
FALSE,TRUE,FALSE,1000,2,25,250,0.9,4,0.1,2,0.1,0.83,0.86,0,0,4260.42,0,0,4136.4,4268.9,0,0,0,-0.970936011,0,0.002879323
FALSE,TRUE,FALSE,1000,2,25,250,0.9,4,0.1,2,0.1,0.84,0.86,0,0,4248.56,0,0,4127,4233.3,0,0,0,-0.971401485,0,0.001707973
FALSE,TRUE,FALSE,1000,2,25,250,0.9,4,0.1,2,0.1,0.85,0.86,0,0,4254.51,0,0,4104.4,4247.8,0,0,0,-0.96478419,0,0.003108642
FALSE,TRUE,FALSE,1000,2,25,250,0.9,4,0.1,2,0.1,0.86,0.86,0,0,4258.95,0,0,4110,4257.3,0,0,0,-0.965074226,0,0.002975434
FALSE,TRUE,FALSE,1000,2,25,250,0.9,4,0.1,2,0.1,0.87,0.86,0,0,4245.7,0.097841549,0,4077.2,4234,0,0,0,-0.960387247,0,0.003618029
FALSE,TRUE,FALSE,1000,2,25,250,0.9,4,0.1,2,0.1,0.88,0.86,0,0,4247.23,0,0,0,0,1,429.6,0.1408,0.1408,0.021541072,0.021541072
FALSE,TRUE,FALSE,1000,2,25,250,0.9,4,0.1,2,0.1,0.89,0.86,0,0,4258.67,0,0,0,0,1,322.3,0.3554,0.3554,0.022815297,0.022815297
FALSE,TRUE,FALSE,1000,2,25,250,0.9,4,0.1,2,0.1,0.9,0.86,0,0,4252.52,0,0,0,0,1,266.1,0.4678,0.4678,0.017599116,0.017599116
FALSE,TRUE,FALSE,1000,2,25,250,0.9,4,0.1,2,0.1,0.91,0.86,0,0,4256.34,0,0,0,0,1,254.3,0.4914,0.4914,0.020578414,0.020578414
FALSE,TRUE,FALSE,1000,2,25,250,0.9,4,0.1,2,0.1,0.92,0.86,0,0,4250.75,0,0,0,0,1,241.5,0.517,0.517,0.026874606,0.026874606
FALSE,TRUE,FALSE,1000,2,25,250,0.9,4,0.1,2,0.1,0.93,0.86,0,0,4263.21,0,0,0,0,1,224.9,0.5502,0.5502,0.01442051,0.01442051
FALSE,TRUE,FALSE,1000,2,25,250,0.9,4,0.1,2,0.1,0.94,0.86,0,0,4244.05,0,0,0,0,1,216.5,0.567,0.567,0.01563543,0.01563543
FALSE,TRUE,FALSE,1000,2,25,250,0.9,4,0.1,2,0.1,0.95,0.86,0,0,4245.25,0,0,0,0,1,214.9,0.5702,0.5702,0.015467385,0.015467385
FALSE,TRUE,FALSE,1000,2,25,250,0.9,4,0.1,2,0.1,0.96,0.86,0,0,4254.27,0,0,0,0,1,220.1,0.5598,0.5598,0.017497809,0.017497809
FALSE,TRUE,FALSE,1000,2,25,250,0.9,4,0.1,2,0.1,0.97,0.86,0,0,4248.27,0,0,0,0,1,216.8,0.5664,0.5664,0.0064,0.0064
FALSE,TRUE,FALSE,1000,2,25,250,0.9,4,0.1,2,0.1,0.98,0.86,0,0,4236.57,0,0,0,0,1,257.1,0.4858,0.4858,0.021338437,0.021338437
FALSE,TRUE,FALSE,1000,2,25,250,0.9,4,0.1,2,0.1,0.99,0.86,0,0,4251.28,0.1,0,0.2,0.2,0.9,294.3333333,0.3702,0.370153182,0.05854643,0.058579332
FALSE,TRUE,FALSE,1000,2,25,250,0.9,4,0.1,2,0.1,1,0.86,0,0,4243.25,0.0960821,0,24.4,26.8,0.9,344.4444444,0.28,0.274235358,0.050725405,0.05445169
FALSE,TRUE,FALSE,1000,2,25,250,0.9,4,0.1,2,0.1,0.75,0.87,0,0,4242.63,0,0,4151.9,4245.7,0,0,0,-0.978650872,0,0.003239888
FALSE,TRUE,FALSE,1000,2,25,250,0.9,4,0.1,2,0.1,0.76,0.87,0,0,4250.1,0,0,4165.3,4244.1,0,0,0,-0.980086407,0,0.002522784
FALSE,TRUE,FALSE,1000,2,25,250,0.9,4,0.1,2,0.1,0.77,0.87,0,0,4258.96,0,0,4156.1,4261.6,0,0,0,-0.975872483,0,0.002538955
FALSE,TRUE,FALSE,1000,2,25,250,0.9,4,0.1,2,0.1,0.78,0.87,0,0,4262.58,0,0,4134.5,4240.7,0,0,0,-0.969995145,0,0.003111656
FALSE,TRUE,FALSE,1000,2,25,250,0.9,4,0.1,2,0.1,0.79,0.87,0,0,4260.66,0,0,4133.7,4269.1,0,0,0,-0.970246385,0,0.003233338
FALSE,TRUE,FALSE,1000,2,25,250,0.9,4,0.1,2,0.1,0.8,0.87,0,0,4225.04,0,0,4143.8,4227.4,0,0,0,-0.980810197,0,0.003524366
FALSE,TRUE,FALSE,1000,2,25,250,0.9,4,0.1,2,0.1,0.81,0.87,0,0,4261.35,0,0,4130.1,4265.4,0,0,0,-0.969224692,0,0.002889915
FALSE,TRUE,FALSE,1000,2,25,250,0.9,4,0.1,2,0.1,0.82,0.87,0,0,4258.33,0,0,4129.9,4273.4,0,0,0,-0.969846297,0,0.001208205
FALSE,TRUE,FALSE,1000,2,25,250,0.9,4,0.1,2,0.1,0.83,0.87,0,0,4266.98,0,0,4118.5,4234.9,0,0,0,-0.965224771,0,0.002783353
FALSE,TRUE,FALSE,1000,2,25,250,0.9,4,0.1,2,0.1,0.84,0.87,0,0,4253.3,0,0,4114,4234.5,0,0,0,-0.967270299,0,0.002444914
FALSE,TRUE,FALSE,1000,2,25,250,0.9,4,0.1,2,0.1,0.85,0.87,0,0,4240.86,0,0,4108.2,4275,0,0,0,-0.968741668,0,0.002689471
FALSE,TRUE,FALSE,1000,2,25,250,0.9,4,0.1,2,0.1,0.86,0.87,0,0,4251.05,0,0,4096.6,4270.8,0,0,0,-0.963690518,0,0.002716042
FALSE,TRUE,FALSE,1000,2,25,250,0.9,4,0.1,2,0.1,0.87,0.87,0,0,4233.89,0.31443101,0,3522.6,3617,0,0,0,-0.831679052,0,0.085763137
FALSE,TRUE,FALSE,1000,2,25,250,0.9,4,0.1,2,0.1,0.88,0.87,0,0,4275.19,0,0,0,0,1,362,0.276,0.276,0.024001852,0.024001852
FALSE,TRUE,FALSE,1000,2,25,250,0.9,4,0.1,2,0.1,0.89,0.87,0,0,4254.15,0,0,0,0,1,313.4,0.3732,0.3732,0.016465992,0.016465992
FALSE,TRUE,FALSE,1000,2,25,250,0.9,4,0.1,2,0.1,0.9,0.87,0,0,4243.29,0,0,0,0,1,250,0.5,0.5,0.016933858,0.016933858
FALSE,TRUE,FALSE,1000,2,25,250,0.9,4,0.1,2,0.1,0.91,0.87,0,0,4233.84,0,0,0,0,1,240.4,0.5192,0.5192,0.028025702,0.028025702
FALSE,TRUE,FALSE,1000,2,25,250,0.9,4,0.1,2,0.1,0.92,0.87,0,0,4253.14,0,0,0,0,1,224.4,0.5512,0.5512,0.012133333,0.012133333
FALSE,TRUE,FALSE,1000,2,25,250,0.9,4,0.1,2,0.1,0.93,0.87,0,0,4253.94,0,0,0,0,1,215.9,0.5682,0.5682,0.00927817,0.00927817
FALSE,TRUE,FALSE,1000,2,25,250,0.9,4,0.1,2,0.1,0.94,0.87,0,0,4251.62,0,0,0,0,1,218.3,0.5634,0.5634,0.018511378,0.018511378
FALSE,TRUE,FALSE,1000,2,25,250,0.9,4,0.1,2,0.1,0.95,0.87,0,0,4254.52,0,0,0,0,1,197.5,0.605,0.605,0.007815938,0.007815938
FALSE,TRUE,FALSE,1000,2,25,250,0.9,4,0.1,2,0.1,0.96,0.87,0,0,4247.48,0,0,0,0,1,208.6,0.5828,0.5828,0.01423985,0.01423985
FALSE,TRUE,FALSE,1000,2,25,250,0.9,4,0.1,2,0.1,0.97,0.87,0,0,4235.6,0,0,0,0,1,223.8,0.5524,0.5524,0.017513931,0.017513931
FALSE,TRUE,FALSE,1000,2,25,250,0.9,4,0.1,2,0.1,0.98,0.87,0,0,4241.48,0,0,0,0,1,237.5,0.525,0.525,0.025163024,0.025163024
FALSE,TRUE,FALSE,1000,2,25,250,0.9,4,0.1,2,0.1,0.99,0.87,0,0,4269.57,0,0,0,0,1,250.6,0.4988,0.4988,0.027385641,0.027385641
FALSE,TRUE,FALSE,1000,2,25,250,0.9,4,0.1,2,0.1,1,0.87,0,0,4259.2,0,0,0,0,1,285,0.43,0.43,0.025922963,0.025922963
FALSE,TRUE,FALSE,1000,2,25,250,0.9,4,0.1,2,0.1,0.75,0.88,0,0,4253.52,0,0,4154.3,4232.4,0,0,0,-0.976696011,0,0.002116383
FALSE,TRUE,FALSE,1000,2,25,250,0.9,4,0.1,2,0.1,0.76,0.88,0,0,4242.72,0,0,4139.9,4235.8,0,0,0,-0.975791914,0,0.003207623
FALSE,TRUE,FALSE,1000,2,25,250,0.9,4,0.1,2,0.1,0.77,0.88,0,0,4254.01,0,0,4152.8,4245.2,0,0,0,-0.976251128,0,0.003527856
FALSE,TRUE,FALSE,1000,2,25,250,0.9,4,0.1,2,0.1,0.78,0.88,0,0,4243.89,0,0,4117.9,4268.4,0,0,0,-0.970374748,0,0.00278877
FALSE,TRUE,FALSE,1000,2,25,250,0.9,4,0.1,2,0.1,0.79,0.88,0,0,4242.54,0,0,4140.3,4281.1,0,0,0,-0.975925214,0,0.002333093
FALSE,TRUE,FALSE,1000,2,25,250,0.9,4,0.1,2,0.1,0.8,0.88,0,0,4247.59,0,0,4137,4256.9,0,0,0,-0.973992795,0,0.003276057
FALSE,TRUE,FALSE,1000,2,25,250,0.9,4,0.1,2,0.1,0.81,0.88,0,0,4250.79,0,0,4141.1,4246,0,0,0,-0.974222074,0,0.002136534
FALSE,TRUE,FALSE,1000,2,25,250,0.9,4,0.1,2,0.1,0.82,0.88,0,0,4248.46,0,0,4123,4244.6,0,0,0,-0.970505681,0,0.003591597
FALSE,TRUE,FALSE,1000,2,25,250,0.9,4,0.1,2,0.1,0.83,0.88,0,0,4250.68,0,0,4116,4257.6,0,0,0,-0.968334544,0,0.00243082
FALSE,TRUE,FALSE,1000,2,25,250,0.9,4,0.1,2,0.1,0.84,0.88,0,0,4239.74,0,0,4122.6,4253.2,0,0,0,-0.972393906,0,0.002467139
FALSE,TRUE,FALSE,1000,2,25,250,0.9,4,0.1,2,0.1,0.85,0.88,0,0,4255.56,0,0,4113.6,4271.9,0,0,0,-0.966655495,0,0.002150348
FALSE,TRUE,FALSE,1000,2,25,250,0.9,4,0.1,2,0.1,0.86,0.88,0,0,4250.3,0.000188546,0,4100.4,4235.8,0,0,0,-0.964785561,0,0.002998093
FALSE,TRUE,FALSE,1000,2,25,250,0.9,4,0.1,2,0.1,0.87,0.88,0,0,4246.07,0.408969227,0,3287.9,3365.2,0.1,436,0.0128,-0.762106379,0.0128,0.106626147
FALSE,TRUE,FALSE,1000,2,25,250,0.9,4,0.1,2,0.1,0.88,0.88,0,0,4253.02,0,0,0,0,1,362.7,0.2746,0.2746,0.011246926,0.011246926
FALSE,TRUE,FALSE,1000,2,25,250,0.9,4,0.1,2,0.1,0.89,0.88,0,0,4257.24,0,0,0,0,1,273.5,0.453,0.453,0.020381364,0.020381364
FALSE,TRUE,FALSE,1000,2,25,250,0.9,4,0.1,2,0.1,0.9,0.88,0,0,4262.09,0,0,0,0,1,266.2,0.4676,0.4676,0.022638806,0.022638806
FALSE,TRUE,FALSE,1000,2,25,250,0.9,4,0.1,2,0.1,0.91,0.88,0,0,4230.65,0,0,0,0,1,231.2,0.5376,0.5376,0.020649025,0.020649025
FALSE,TRUE,FALSE,1000,2,25,250,0.9,4,0.1,2,0.1,0.92,0.88,0,0,4244.43,0,0,0,0,1,215.8,0.5684,0.5684,0.012252165,0.012252165
FALSE,TRUE,FALSE,1000,2,25,250,0.9,4,0.1,2,0.1,0.93,0.88,0,0,4252.75,0,0,0,0,1,195.2,0.6096,0.6096,0.019559141,0.019559141
FALSE,TRUE,FALSE,1000,2,25,250,0.9,4,0.1,2,0.1,0.94,0.88,0,0,4248.22,0,0,0,0,1,197.6,0.6048,0.6048,0.014760909,0.014760909
FALSE,TRUE,FALSE,1000,2,25,250,0.9,4,0.1,2,0.1,0.95,0.88,0,0,4241.69,0,0,0,0,1,201.2,0.5976,0.5976,0.015329855,0.015329855
FALSE,TRUE,FALSE,1000,2,25,250,0.9,4,0.1,2,0.1,0.96,0.88,0,0,4250.28,0,0,0,0,1,200.9,0.5982,0.5982,0.0162411,0.0162411
FALSE,TRUE,FALSE,1000,2,25,250,0.9,4,0.1,2,0.1,0.97,0.88,0,0,4282.21,0,0,0,0,1,205,0.59,0.59,0.020664516,0.020664516
FALSE,TRUE,FALSE,1000,2,25,250,0.9,4,0.1,2,0.1,0.98,0.88,0,0,4250.87,0,0,0,0,1,216.9,0.5662,0.5662,0.016045629,0.016045629
FALSE,TRUE,FALSE,1000,2,25,250,0.9,4,0.1,2,0.1,0.99,0.88,0,0,4244.09,0,0,0,0,1,234.6,0.5308,0.5308,0.011064257,0.011064257
FALSE,TRUE,FALSE,1000,2,25,250,0.9,4,0.1,2,0.1,1,0.88,0,0,4272.38,0,0,0,0,1,264.6,0.4708,0.4708,0.019443822,0.019443822
FALSE,TRUE,FALSE,1000,2,25,250,0.9,4,0.1,2,0.1,0.75,0.89,0,0,4251.84,0,0,4162.4,4263.2,0,0,0,-0.979001422,0,0.00292418
FALSE,TRUE,FALSE,1000,2,25,250,0.9,4,0.1,2,0.1,0.76,0.89,0,0,4249.64,0,0,4157.4,4270.4,0,0,0,-0.978379609,0,0.005087046
FALSE,TRUE,FALSE,1000,2,25,250,0.9,4,0.1,2,0.1,0.77,0.89,0,0,4249.01,0,0,4143,4218.4,0,0,0,-0.975066297,0,0.002425234
FALSE,TRUE,FALSE,1000,2,25,250,0.9,4,0.1,2,0.1,0.78,0.89,0,0,4250.62,0,0,4147.3,4241.4,0,0,0,-0.975704074,0,0.002258855
FALSE,TRUE,FALSE,1000,2,25,250,0.9,4,0.1,2,0.1,0.79,0.89,0,0,4266.26,0,0,4127.4,4246.2,0,0,0,-0.967470561,0,0.00234625
FALSE,TRUE,FALSE,1000,2,25,250,0.9,4,0.1,2,0.1,0.8,0.89,0,0,4241.16,0,0,4149.5,4254.1,0,0,0,-0.978452321,0,0.003469309
FALSE,TRUE,FALSE,1000,2,25,250,0.9,4,0.1,2,0.1,0.81,0.89,0,0,4251.41,0,0,4136.4,4248.2,0,0,0,-0.973009503,0,0.003478623
FALSE,TRUE,FALSE,1000,2,25,250,0.9,4,0.1,2,0.1,0.82,0.89,0,0,4250.85,0,0,4145.4,4246.5,0,0,0,-0.9752164,0,0.002538491
FALSE,TRUE,FALSE,1000,2,25,250,0.9,4,0.1,2,0.1,0.83,0.89,0,0,4249.14,0,0,4128.7,4241.2,0,0,0,-0.971677662,0,0.002412556
FALSE,TRUE,FALSE,1000,2,25,250,0.9,4,0.1,2,0.1,0.84,0.89,0,0,4259.05,0,0,4130.5,4261.9,0,0,0,-0.969837601,0,0.001691092
FALSE,TRUE,FALSE,1000,2,25,250,0.9,4,0.1,2,0.1,0.85,0.89,0,0,4252.58,0,0,4103.1,4256.6,0,0,0,-0.964870813,0,0.001894219
FALSE,TRUE,FALSE,1000,2,25,250,0.9,4,0.1,2,0.1,0.86,0.89,0,0,4233.26,0.001612948,0,4084.5,4247,0,0,0,-0.964895299,0,0.002764273
FALSE,TRUE,FALSE,1000,2,25,250,0.9,4,0.1,2,0.1,0.87,0.89,0,0,4248.25,0.2311441,0,2093.6,2159.6,0.4,434,0.0528,-0.439565474,0.022509652,0.163726494
FALSE,TRUE,FALSE,1000,2,25,250,0.9,4,0.1,2,0.1,0.88,0.89,0,0,4234.68,0,0,0,0,1,323.6,0.3528,0.3528,0.013044198,0.013044198
FALSE,TRUE,FALSE,1000,2,25,250,0.9,4,0.1,2,0.1,0.89,0.89,0,0,4253.43,0,0,0,0,1,262,0.476,0.476,0.009165151,0.009165151
FALSE,TRUE,FALSE,1000,2,25,250,0.9,4,0.1,2,0.1,0.9,0.89,0,0,4241.15,0,0,0,0,1,249.9,0.5002,0.5002,0.028616157,0.028616157
FALSE,TRUE,FALSE,1000,2,25,250,0.9,4,0.1,2,0.1,0.91,0.89,0,0,4242.57,0,0,0,0,1,213.7,0.5726,0.5726,0.008728243,0.008728243
FALSE,TRUE,FALSE,1000,2,25,250,0.9,4,0.1,2,0.1,0.92,0.89,0,0,4243.69,0,0,0,0,1,199.2,0.6016,0.6016,0.012288387,0.012288387
FALSE,TRUE,FALSE,1000,2,25,250,0.9,4,0.1,2,0.1,0.93,0.89,0,0,4250.42,0,0,0,0,1,186.3,0.6274,0.6274,0.005514023,0.005514023
FALSE,TRUE,FALSE,1000,2,25,250,0.9,4,0.1,2,0.1,0.94,0.89,0,0,4246.77,0,0,0,0,1,196.6,0.6068,0.6068,0.012351158,0.012351158
FALSE,TRUE,FALSE,1000,2,25,250,0.9,4,0.1,2,0.1,0.95,0.89,0,0,4243.32,0,0,0,0,1,185,0.63,0.63,0.008342661,0.008342661
FALSE,TRUE,FALSE,1000,2,25,250,0.9,4,0.1,2,0.1,0.96,0.89,0,0,4255.08,0,0,0,0,1,189.9,0.6202,0.6202,0.014156114,0.014156114
FALSE,TRUE,FALSE,1000,2,25,250,0.9,4,0.1,2,0.1,0.97,0.89,0,0,4251.86,0,0,0,0,1,189,0.622,0.622,0.005407813,0.005407813
FALSE,TRUE,FALSE,1000,2,25,250,0.9,4,0.1,2,0.1,0.98,0.89,0,0,4236.7,0,0,0,0,1,197.1,0.6058,0.6058,0.014055288,0.014055288
FALSE,TRUE,FALSE,1000,2,25,250,0.9,4,0.1,2,0.1,0.99,0.89,0,0,4245.16,0,0,0,0,1,216.1,0.5678,0.5678,0.01640718,0.01640718
FALSE,TRUE,FALSE,1000,2,25,250,0.9,4,0.1,2,0.1,1,0.89,0,0,4249.99,0,0,0,0,1,227.8,0.5444,0.5444,0.012095178,0.012095178
FALSE,TRUE,FALSE,1000,2,25,250,0.9,4,0.1,2,0.1,0.75,0.9,0,0,4262.2,0,0,4142.8,4247.4,0,0,0,-0.97203446,0,0.003650713
FALSE,TRUE,FALSE,1000,2,25,250,0.9,4,0.1,2,0.1,0.76,0.9,0,0,4254.19,0,0,4145.9,4251.9,0,0,0,-0.974587931,0,0.00257562
FALSE,TRUE,FALSE,1000,2,25,250,0.9,4,0.1,2,0.1,0.77,0.9,0,0,4254.61,0,0,4155.2,4237,0,0,0,-0.976666818,0,0.003039945
FALSE,TRUE,FALSE,1000,2,25,250,0.9,4,0.1,2,0.1,0.78,0.9,0,0,4260.6,0,0,4152.6,4260.3,0,0,0,-0.974717814,0,0.004061941
FALSE,TRUE,FALSE,1000,2,25,250,0.9,4,0.1,2,0.1,0.79,0.9,0,0,4253.78,0,0,4152.6,4253.7,0,0,0,-0.976239081,0,0.002956424
FALSE,TRUE,FALSE,1000,2,25,250,0.9,4,0.1,2,0.1,0.8,0.9,0,0,4259.75,0,0,4147.3,4242.1,0,0,0,-0.973626704,0,0.002312685
FALSE,TRUE,FALSE,1000,2,25,250,0.9,4,0.1,2,0.1,0.81,0.9,0,0,4261.58,0,0,4139.2,4233,0,0,0,-0.971319342,0,0.003387682
FALSE,TRUE,FALSE,1000,2,25,250,0.9,4,0.1,2,0.1,0.82,0.9,0,0,4270.62,0,0,4122.6,4232.3,0,0,0,-0.965365556,0,0.002588436
FALSE,TRUE,FALSE,1000,2,25,250,0.9,4,0.1,2,0.1,0.83,0.9,0,0,4261.37,0,0,4124,4273.3,0,0,0,-0.967828207,0,0.003181284
FALSE,TRUE,FALSE,1000,2,25,250,0.9,4,0.1,2,0.1,0.84,0.9,0,0,4252.49,0,0,4117.2,4272.1,0,0,0,-0.968197001,0,0.001602893
FALSE,TRUE,FALSE,1000,2,25,250,0.9,4,0.1,2,0.1,0.85,0.9,0,0,4248.77,0,0,4097.8,4254.9,0,0,0,-0.964539354,0,0.003439843
FALSE,TRUE,FALSE,1000,2,25,250,0.9,4,0.1,2,0.1,0.86,0.9,0,0,4253.65,0.000270971,0,4097.2,4268.2,0,0,0,-0.963237947,0,0.002075014
FALSE,TRUE,FALSE,1000,2,25,250,0.9,4,0.1,2,0.1,0.87,0.9,0,0,4238.16,0.4620173,0,32.2,32.6,0.5,450,0.05,0.042434693,0.020467861,0.022768664
FALSE,TRUE,FALSE,1000,2,25,250,0.9,4,0.1,2,0.1,0.88,0.9,0,0,4245.81,0.1,0,0.3,0.3,0.9,335.7777778,0.2956,0.295529795,0.041972266,0.042027226
FALSE,TRUE,FALSE,1000,2,25,250,0.9,4,0.1,2,0.1,0.89,0.9,0,0,4252.39,0,0,0,0,1,261.8,0.4764,0.4764,0.015932636,0.015932636
FALSE,TRUE,FALSE,1000,2,25,250,0.9,4,0.1,2,0.1,0.9,0.9,0,0,4273.23,0,0,0,0,1,231.2,0.5376,0.5376,0.01147674,0.01147674
FALSE,TRUE,FALSE,1000,2,25,250,0.9,4,0.1,2,0.1,0.91,0.9,0,0,4262.12,0,0,0,0,1,216.5,0.567,0.567,0.014752024,0.014752024
FALSE,TRUE,FALSE,1000,2,25,250,0.9,4,0.1,2,0.1,0.92,0.9,0,0,4258.61,0,0,0,0,1,198.2,0.6036,0.6036,0.010262337,0.010262337
FALSE,TRUE,FALSE,1000,2,25,250,0.9,4,0.1,2,0.1,0.93,0.9,0,0,4244.8,0,0,0,0,1,189,0.622,0.622,0.013633293,0.013633293
FALSE,TRUE,FALSE,1000,2,25,250,0.9,4,0.1,2,0.1,0.94,0.9,0,0,4253.26,0,0,0,0,1,190.1,0.6198,0.6198,0.012569628,0.012569628
FALSE,TRUE,FALSE,1000,2,25,250,0.9,4,0.1,2,0.1,0.95,0.9,0,0,4255.67,0,0,0,0,1,175.9,0.6482,0.6482,0.007491922,0.007491922
FALSE,TRUE,FALSE,1000,2,25,250,0.9,4,0.1,2,0.1,0.96,0.9,0,0,4246.78,0,0,0,0,1,194.9,0.6102,0.6102,0.019954281,0.019954281
FALSE,TRUE,FALSE,1000,2,25,250,0.9,4,0.1,2,0.1,0.97,0.9,0,0,4248.69,0,0,0,0,1,185.5,0.629,0.629,0.009588187,0.009588187
FALSE,TRUE,FALSE,1000,2,25,250,0.9,4,0.1,2,0.1,0.98,0.9,0,0,4243.36,0,0,0,0,1,189.1,0.6218,0.6218,0.009069852,0.009069852
FALSE,TRUE,FALSE,1000,2,25,250,0.9,4,0.1,2,0.1,0.99,0.9,0,0,4261.52,0,0,0,0,1,194.9,0.6102,0.6102,0.006178457,0.006178457
FALSE,TRUE,FALSE,1000,2,25,250,0.9,4,0.1,2,0.1,1,0.9,0,0,4244.65,0,0,0,0,1,218.7,0.5626,0.5626,0.013814807,0.013814807
FALSE,TRUE,FALSE,1000,2,25,250,0.9,4,0.1,2,0.1,0.75,0.91,0,0,4244.49,0,0,4149.1,4243.3,0,0,0,-0.977559645,0,0.002436689
FALSE,TRUE,FALSE,1000,2,25,250,0.9,4,0.1,2,0.1,0.76,0.91,0,0,4240.72,0,0,4134.9,4260.3,0,0,0,-0.975072243,0,0.003149145
FALSE,TRUE,FALSE,1000,2,25,250,0.9,4,0.1,2,0.1,0.77,0.91,0,0,4252.23,0,0,4151,4222.4,0,0,0,-0.9762583,0,0.003280735
FALSE,TRUE,FALSE,1000,2,25,250,0.9,4,0.1,2,0.1,0.78,0.91,0,0,4245.97,0,0,4144.1,4265.8,0,0,0,-0.976063234,0,0.003664436
FALSE,TRUE,FALSE,1000,2,25,250,0.9,4,0.1,2,0.1,0.79,0.91,0,0,4251.69,0,0,4160.3,4276.6,0,0,0,-0.978527627,0,0.002179667
FALSE,TRUE,FALSE,1000,2,25,250,0.9,4,0.1,2,0.1,0.8,0.91,0,0,4267.7,0,0,4151.1,4272.2,0,0,0,-0.972728399,0,0.002591067
FALSE,TRUE,FALSE,1000,2,25,250,0.9,4,0.1,2,0.1,0.81,0.91,0,0,4248.19,0,0,4140.6,4260.3,0,0,0,-0.974712698,0,0.002704649
FALSE,TRUE,FALSE,1000,2,25,250,0.9,4,0.1,2,0.1,0.82,0.91,0,0,4249.2,0,0,4135,4293.9,0,0,0,-0.973211424,0,0.004542475
FALSE,TRUE,FALSE,1000,2,25,250,0.9,4,0.1,2,0.1,0.83,0.91,0,0,4253.58,0,0,4127.4,4247.4,0,0,0,-0.97034623,0,0.002087028
FALSE,TRUE,FALSE,1000,2,25,250,0.9,4,0.1,2,0.1,0.84,0.91,0,0,4245.73,0,0,4118.5,4256.8,0,0,0,-0.970050523,0,0.001542482
FALSE,TRUE,FALSE,1000,2,25,250,0.9,4,0.1,2,0.1,0.85,0.91,0,0,4266.6,0,0,4106.8,4268.4,0,0,0,-0.962565197,0,0.00165534
FALSE,TRUE,FALSE,1000,2,25,250,0.9,4,0.1,2,0.1,0.86,0.91,0,0,4249.29,0.00861584,0,4080.7,4227.7,0,0,0,-0.960378912,0,0.003232469
FALSE,TRUE,FALSE,1000,2,25,250,0.9,4,0.1,2,0.1,0.87,0.91,0,0,4256.45,0.1684606,0,879.4,1036.5,0.7,350.8571429,0.2088,0.001739303,0.055609911,0.167307438
FALSE,TRUE,FALSE,1000,2,25,250,0.9,4,0.1,2,0.1,0.88,0.91,0,0,4248.84,0,0,0,0,1,310.6,0.3788,0.3788,0.03235525,0.03235525
FALSE,TRUE,FALSE,1000,2,25,250,0.9,4,0.1,2,0.1,0.89,0.91,0,0,4244.84,0,0,0,0,1,254.8,0.4904,0.4904,0.019277621,0.019277621
FALSE,TRUE,FALSE,1000,2,25,250,0.9,4,0.1,2,0.1,0.9,0.91,0,0,4252.4,0,0,0,0,1,224.4,0.5512,0.5512,0.013584959,0.013584959
FALSE,TRUE,FALSE,1000,2,25,250,0.9,4,0.1,2,0.1,0.91,0.91,0,0,4251.54,0,0,0,0,1,222.5,0.555,0.555,0.025602517,0.025602517
FALSE,TRUE,FALSE,1000,2,25,250,0.9,4,0.1,2,0.1,0.92,0.91,0,0,4249.89,0,0,0,0,1,182.8,0.6344,0.6344,0.008228946,0.008228946
FALSE,TRUE,FALSE,1000,2,25,250,0.9,4,0.1,2,0.1,0.93,0.91,0,0,4249.55,0,0,0,0,1,176.7,0.6466,0.6466,0.00977548,0.00977548
FALSE,TRUE,FALSE,1000,2,25,250,0.9,4,0.1,2,0.1,0.94,0.91,0,0,4232.95,0,0,0,0,1,180,0.64,0.64,0.009977753,0.009977753
FALSE,TRUE,FALSE,1000,2,25,250,0.9,4,0.1,2,0.1,0.95,0.91,0,0,4262.6,0,0,0,0,1,178.6,0.6428,0.6428,0.013037382,0.013037382
FALSE,TRUE,FALSE,1000,2,25,250,0.9,4,0.1,2,0.1,0.96,0.91,0,0,4240.19,0,0,0,0,1,177.7,0.6446,0.6446,0.0060959,0.0060959
FALSE,TRUE,FALSE,1000,2,25,250,0.9,4,0.1,2,0.1,0.97,0.91,0,0,4259.39,0,0,0,0,1,185.8,0.6284,0.6284,0.010065563,0.010065563
FALSE,TRUE,FALSE,1000,2,25,250,0.9,4,0.1,2,0.1,0.98,0.91,0,0,4262.1,0,0,0,0,1,177.1,0.6458,0.6458,0.004893987,0.004893987
FALSE,TRUE,FALSE,1000,2,25,250,0.9,4,0.1,2,0.1,0.99,0.91,0,0,4258.82,0,0,0,0,1,194.5,0.611,0.611,0.015972894,0.015972894
FALSE,TRUE,FALSE,1000,2,25,250,0.9,4,0.1,2,0.1,1,0.91,0,0,4272.36,0,0,0,0,1,215.1,0.5698,0.5698,0.018779303,0.018779303
FALSE,TRUE,FALSE,1000,2,25,250,0.9,4,0.1,2,0.1,0.75,0.92,0,0,4246.05,0,0,4145.1,4233.9,0,0,0,-0.976237865,0,0.001801776
FALSE,TRUE,FALSE,1000,2,25,250,0.9,4,0.1,2,0.1,0.76,0.92,0,0,4248.03,0,0,4143.4,4234.4,0,0,0,-0.975410169,0,0.003731104
FALSE,TRUE,FALSE,1000,2,25,250,0.9,4,0.1,2,0.1,0.77,0.92,0,0,4258.68,0,0,4138.7,4288.9,0,0,0,-0.971872236,0,0.00341837
FALSE,TRUE,FALSE,1000,2,25,250,0.9,4,0.1,2,0.1,0.78,0.92,0,0,4270.89,0,0,4132.3,4267.7,0,0,0,-0.967538885,0,0.002085013
FALSE,TRUE,FALSE,1000,2,25,250,0.9,4,0.1,2,0.1,0.79,0.92,0,0,4270.75,0,0,4130.1,4220.6,0,0,0,-0.967081022,0,0.002118097
FALSE,TRUE,FALSE,1000,2,25,250,0.9,4,0.1,2,0.1,0.8,0.92,0,0,4244.47,0,0,4135.9,4268.2,0,0,0,-0.974441123,0,0.00225944
FALSE,TRUE,FALSE,1000,2,25,250,0.9,4,0.1,2,0.1,0.81,0.92,0,0,4246.78,0,0,4136.7,4221.8,0,0,0,-0.974095267,0,0.001250852
FALSE,TRUE,FALSE,1000,2,25,250,0.9,4,0.1,2,0.1,0.82,0.92,0,0,4266.43,0,0,4120.5,4258.2,0,0,0,-0.965866615,0,0.00376398
FALSE,TRUE,FALSE,1000,2,25,250,0.9,4,0.1,2,0.1,0.83,0.92,0,0,4246.03,0,0,4135.1,4249.6,0,0,0,-0.973895391,0,0.003185473
FALSE,TRUE,FALSE,1000,2,25,250,0.9,4,0.1,2,0.1,0.84,0.92,0,0,4233.57,0,0,4134.2,4226.7,0,0,0,-0.976538406,0,0.001365232
FALSE,TRUE,FALSE,1000,2,25,250,0.9,4,0.1,2,0.1,0.85,0.92,0,0,4223.56,0,0,4108.8,4267.6,0,0,0,-0.972851862,0,0.001960581
FALSE,TRUE,FALSE,1000,2,25,250,0.9,4,0.1,2,0.1,0.86,0.92,0,0,4242.63,0.170797572,0,3940.6,4098.8,0,0,0,-0.92919033,0,0.033640892
FALSE,TRUE,FALSE,1000,2,25,250,0.9,4,0.1,2,0.1,0.87,0.92,0,0,4251.68,0.2694394,0,368.5,568.7,0.7,411.1428571,0.1244,0.03741341,0.033507279,0.091875739
FALSE,TRUE,FALSE,1000,2,25,250,0.9,4,0.1,2,0.1,0.88,0.92,0,0,4252.35,0,0,0,0,1,270,0.46,0.46,0.011907047,0.011907047
FALSE,TRUE,FALSE,1000,2,25,250,0.9,4,0.1,2,0.1,0.89,0.92,0,0,4237.89,0,0,0,0,1,244.3,0.5114,0.5114,0.021894799,0.021894799
FALSE,TRUE,FALSE,1000,2,25,250,0.9,4,0.1,2,0.1,0.9,0.92,0,0,4254.92,0,0,0,0,1,207.5,0.585,0.585,0.009578912,0.009578912
FALSE,TRUE,FALSE,1000,2,25,250,0.9,4,0.1,2,0.1,0.91,0.92,0,0,4247.13,0,0,0,0,1,186.8,0.6264,0.6264,0.009144762,0.009144762
FALSE,TRUE,FALSE,1000,2,25,250,0.9,4,0.1,2,0.1,0.92,0.92,0,0,4254.41,0,0,0,0,1,194.1,0.6118,0.6118,0.011479257,0.011479257
FALSE,TRUE,FALSE,1000,2,25,250,0.9,4,0.1,2,0.1,0.93,0.92,0,0,4258.02,0,0,0,0,1,180,0.64,0.64,0.019029801,0.019029801
FALSE,TRUE,FALSE,1000,2,25,250,0.9,4,0.1,2,0.1,0.94,0.92,0,0,4244.76,0,0,0,0,1,175.5,0.649,0.649,0.00950906,0.00950906
FALSE,TRUE,FALSE,1000,2,25,250,0.9,4,0.1,2,0.1,0.95,0.92,0,0,4263.77,0,0,0,0,1,181.4,0.6372,0.6372,0.014585228,0.014585228
FALSE,TRUE,FALSE,1000,2,25,250,0.9,4,0.1,2,0.1,0.96,0.92,0,0,4247.97,0,0,0,0,1,163.1,0.6738,0.6738,0.007980253,0.007980253
FALSE,TRUE,FALSE,1000,2,25,250,0.9,4,0.1,2,0.1,0.97,0.92,0,0,4259,0,0,0,0,1,173.5,0.653,0.653,0.006016644,0.006016644
FALSE,TRUE,FALSE,1000,2,25,250,0.9,4,0.1,2,0.1,0.98,0.92,0,0,4259.91,0,0,0,0,1,178.7,0.6426,0.6426,0.009285832,0.009285832
FALSE,TRUE,FALSE,1000,2,25,250,0.9,4,0.1,2,0.1,0.99,0.92,0,0,4248.82,0,0,0,0,1,192.5,0.615,0.615,0.009282002,0.009282002
FALSE,TRUE,FALSE,1000,2,25,250,0.9,4,0.1,2,0.1,1,0.92,0,0,4248.28,0,0,0,0,1,200.8,0.5984,0.5984,0.008963134,0.008963134
FALSE,TRUE,FALSE,1000,2,25,250,0.9,4,0.1,2,0.1,0.75,0.93,0,0,4256.58,0,0,4156.5,4256.7,0,0,0,-0.97650899,0,0.002393979
FALSE,TRUE,FALSE,1000,2,25,250,0.9,4,0.1,2,0.1,0.76,0.93,0,0,4256.28,0,0,4151.6,4264.9,0,0,0,-0.975435431,0,0.002552922
FALSE,TRUE,FALSE,1000,2,25,250,0.9,4,0.1,2,0.1,0.77,0.93,0,0,4268.31,0,0,4136.1,4254.1,0,0,0,-0.969048944,0,0.002769396
FALSE,TRUE,FALSE,1000,2,25,250,0.9,4,0.1,2,0.1,0.78,0.93,0,0,4243.05,0,0,4141.9,4258.5,0,0,0,-0.976185802,0,0.001823979
FALSE,TRUE,FALSE,1000,2,25,250,0.9,4,0.1,2,0.1,0.79,0.93,0,0,4249.97,0,0,4148.3,4253.3,0,0,0,-0.976090532,0,0.001671747
FALSE,TRUE,FALSE,1000,2,25,250,0.9,4,0.1,2,0.1,0.8,0.93,0,0,4262.23,0,0,4131.5,4224.8,0,0,0,-0.969351801,0,0.00242769
FALSE,TRUE,FALSE,1000,2,25,250,0.9,4,0.1,2,0.1,0.81,0.93,0,0,4244.84,0,0,4148.5,4251.9,0,0,0,-0.977317495,0,0.002022941
FALSE,TRUE,FALSE,1000,2,25,250,0.9,4,0.1,2,0.1,0.82,0.93,0,0,4251.83,0,0,4129.8,4264.7,0,0,0,-0.971325807,0,0.002319916
FALSE,TRUE,FALSE,1000,2,25,250,0.9,4,0.1,2,0.1,0.83,0.93,0,0,4253.03,0,0,4113.7,4288.1,0,0,0,-0.967255752,0,0.003197194
FALSE,TRUE,FALSE,1000,2,25,250,0.9,4,0.1,2,0.1,0.84,0.93,0,0,4249.48,0,0,4099.2,4260.2,0,0,0,-0.964665102,0,0.002695371
FALSE,TRUE,FALSE,1000,2,25,250,0.9,4,0.1,2,0.1,0.85,0.93,0,0,4259.93,0,0,4103.8,4271,0,0,0,-0.9633597,0,0.001761282
FALSE,TRUE,FALSE,1000,2,25,250,0.9,4,0.1,2,0.1,0.86,0.93,0,0,4250.44,0.02453241,0,4087.1,4246.5,0,0,0,-0.961606378,0,0.002325996
FALSE,TRUE,FALSE,1000,2,25,250,0.9,4,0.1,2,0.1,0.87,0.93,0,0,4243.11,0,0,0,0,1,376.8,0.2464,0.2464,0.026597911,0.026597911
FALSE,TRUE,FALSE,1000,2,25,250,0.9,4,0.1,2,0.1,0.88,0.93,0,0,4249.17,0,0,0,0,1,265.4,0.4692,0.4692,0.014079773,0.014079773
FALSE,TRUE,FALSE,1000,2,25,250,0.9,4,0.1,2,0.1,0.89,0.93,0,0,4254.01,0,0,0,0,1,229.7,0.5406,0.5406,0.009531468,0.009531468
FALSE,TRUE,FALSE,1000,2,25,250,0.9,4,0.1,2,0.1,0.9,0.93,0,0,4244.68,0,0,0,0,1,206.9,0.5862,0.5862,0.011931098,0.011931098
FALSE,TRUE,FALSE,1000,2,25,250,0.9,4,0.1,2,0.1,0.91,0.93,0,0,4257.75,0,0,0,0,1,196.8,0.6064,0.6064,0.011519259,0.011519259
FALSE,TRUE,FALSE,1000,2,25,250,0.9,4,0.1,2,0.1,0.92,0.93,0,0,4269.86,0,0,0,0,1,183.8,0.6324,0.6324,0.010218937,0.010218937
FALSE,TRUE,FALSE,1000,2,25,250,0.9,4,0.1,2,0.1,0.93,0.93,0,0,4245.2,0,0,0,0,1,170.8,0.6584,0.6584,0.006188161,0.006188161
FALSE,TRUE,FALSE,1000,2,25,250,0.9,4,0.1,2,0.1,0.94,0.93,0,0,4263.56,0,0,0,0,1,166.3,0.6674,0.6674,0.007513248,0.007513248
FALSE,TRUE,FALSE,1000,2,25,250,0.9,4,0.1,2,0.1,0.95,0.93,0,0,4249.1,0,0,0,0,1,167.7,0.6646,0.6646,0.004853864,0.004853864
FALSE,TRUE,FALSE,1000,2,25,250,0.9,4,0.1,2,0.1,0.96,0.93,0,0,4244.68,0,0,0,0,1,168.3,0.6634,0.6634,0.00639479,0.00639479
FALSE,TRUE,FALSE,1000,2,25,250,0.9,4,0.1,2,0.1,0.97,0.93,0,0,4264.62,0,0,0,0,1,179.4,0.6412,0.6412,0.011896591,0.011896591
FALSE,TRUE,FALSE,1000,2,25,250,0.9,4,0.1,2,0.1,0.98,0.93,0,0,4275.05,0,0,0,0,1,177.3,0.6454,0.6454,0.008219489,0.008219489
FALSE,TRUE,FALSE,1000,2,25,250,0.9,4,0.1,2,0.1,0.99,0.93,0,0,4251.82,0,0,0,0,1,191.2,0.6176,0.6176,0.010590562,0.010590562
FALSE,TRUE,FALSE,1000,2,25,250,0.9,4,0.1,2,0.1,1,0.93,0,0,4242.07,0,0,0,0,1,187.7,0.6246,0.6246,0.008433004,0.008433004
FALSE,TRUE,FALSE,1000,2,25,250,0.9,4,0.1,2,0.1,0.75,0.94,0,0,4249.63,0,0,4138.5,4260.2,0,0,0,-0.973903741,0,0.003760849
FALSE,TRUE,FALSE,1000,2,25,250,0.9,4,0.1,2,0.1,0.76,0.94,0,0,4251.92,0,0,4140.5,4216.1,0,0,0,-0.973812343,0,0.001810374
FALSE,TRUE,FALSE,1000,2,25,250,0.9,4,0.1,2,0.1,0.77,0.94,0,0,4249.66,0,0,4135.3,4253.2,0,0,0,-0.973141036,0,0.003478392
FALSE,TRUE,FALSE,1000,2,25,250,0.9,4,0.1,2,0.1,0.78,0.94,0,0,4241.96,0,0,4130.3,4235.3,0,0,0,-0.973698116,0,0.00285205
FALSE,TRUE,FALSE,1000,2,25,250,0.9,4,0.1,2,0.1,0.79,0.94,0,0,4254.34,0,0,4134.8,4230.4,0,0,0,-0.971936613,0,0.002366327
FALSE,TRUE,FALSE,1000,2,25,250,0.9,4,0.1,2,0.1,0.8,0.94,0,0,4249.96,0,0,4141.2,4248.7,0,0,0,-0.974426769,0,0.001726977
FALSE,TRUE,FALSE,1000,2,25,250,0.9,4,0.1,2,0.1,0.81,0.94,0,0,4240.14,0,0,4123.1,4267,0,0,0,-0.972406164,0,0.002411971
FALSE,TRUE,FALSE,1000,2,25,250,0.9,4,0.1,2,0.1,0.82,0.94,0,0,4243.87,0,0,4126.7,4255.4,0,0,0,-0.972452413,0,0.003882517
FALSE,TRUE,FALSE,1000,2,25,250,0.9,4,0.1,2,0.1,0.83,0.94,0,0,4247.62,0,0,4127.5,4226.4,0,0,0,-0.97176452,0,0.003010837
FALSE,TRUE,FALSE,1000,2,25,250,0.9,4,0.1,2,0.1,0.84,0.94,0,0,4259.37,0,0,4124.6,4247.9,0,0,0,-0.968373192,0,0.00181878
FALSE,TRUE,FALSE,1000,2,25,250,0.9,4,0.1,2,0.1,0.85,0.94,0,0,4255.15,0,0,4116.1,4254.2,0,0,0,-0.967326981,0,0.001418394
FALSE,TRUE,FALSE,1000,2,25,250,0.9,4,0.1,2,0.1,0.86,0.94,0,0,4258.08,0.165836023,0,2985.5,3097,0.2,436,0.0256,-0.675355807,0.024509046,0.149529949
FALSE,TRUE,FALSE,1000,2,25,250,0.9,4,0.1,2,0.1,0.87,0.94,0,0,4243.88,0.0984848,0,6.6,6.6,0.9,366.4444444,0.2404,0.238838683,0.042556942,0.043553876
FALSE,TRUE,FALSE,1000,2,25,250,0.9,4,0.1,2,0.1,0.88,0.94,0,0,4262.4,0,0,0,0,1,254,0.492,0.492,0.017618172,0.017618172
FALSE,TRUE,FALSE,1000,2,25,250,0.9,4,0.1,2,0.1,0.89,0.94,0,0,4238.89,0,0,0,0,1,221.3,0.5574,0.5574,0.011616272,0.011616272
FALSE,TRUE,FALSE,1000,2,25,250,0.9,4,0.1,2,0.1,0.9,0.94,0,0,4248.63,0,0,0,0,1,191,0.618,0.618,0.007284687,0.007284687
FALSE,TRUE,FALSE,1000,2,25,250,0.9,4,0.1,2,0.1,0.91,0.94,0,0,4253.6,0,0,0,0,1,179.4,0.6412,0.6412,0.006388879,0.006388879
FALSE,TRUE,FALSE,1000,2,25,250,0.9,4,0.1,2,0.1,0.92,0.94,0,0,4252.01,0,0,0,0,1,173.4,0.6532,0.6532,0.007602339,0.007602339
FALSE,TRUE,FALSE,1000,2,25,250,0.9,4,0.1,2,0.1,0.93,0.94,0,0,4261.74,0,0,0,0,1,172.8,0.6544,0.6544,0.006337192,0.006337192
FALSE,TRUE,FALSE,1000,2,25,250,0.9,4,0.1,2,0.1,0.94,0.94,0,0,4250.02,0,0,0,0,1,171.7,0.6566,0.6566,0.00859483,0.00859483
FALSE,TRUE,FALSE,1000,2,25,250,0.9,4,0.1,2,0.1,0.95,0.94,0,0,4247.4,0,0,0,0,1,166.9,0.6662,0.6662,0.004966107,0.004966107
FALSE,TRUE,FALSE,1000,2,25,250,0.9,4,0.1,2,0.1,0.96,0.94,0,0,4240.28,0,0,0,0,1,168.8,0.6624,0.6624,0.005717808,0.005717808
FALSE,TRUE,FALSE,1000,2,25,250,0.9,4,0.1,2,0.1,0.97,0.94,0,0,4244.61,0,0,0,0,1,165.1,0.6698,0.6698,0.006439117,0.006439117
FALSE,TRUE,FALSE,1000,2,25,250,0.9,4,0.1,2,0.1,0.98,0.94,0,0,4252.31,0,0,0,0,1,171.3,0.6574,0.6574,0.008300201,0.008300201
FALSE,TRUE,FALSE,1000,2,25,250,0.9,4,0.1,2,0.1,0.99,0.94,0,0,4253.78,0,0,0,0,1,179.5,0.641,0.641,0.009916317,0.009916317
FALSE,TRUE,FALSE,1000,2,25,250,0.9,4,0.1,2,0.1,1,0.94,0,0,4248.18,0,0,0,0,1,187.4,0.6252,0.6252,0.008061982,0.008061982
FALSE,TRUE,FALSE,1000,2,25,250,0.9,4,0.1,2,0.1,0.75,0.95,0,0,4261.23,0,0,4159,4228.3,0,0,0,-0.976061774,0,0.003956612
FALSE,TRUE,FALSE,1000,2,25,250,0.9,4,0.1,2,0.1,0.76,0.95,0,0,4263.75,0,0,4149.9,4279,0,0,0,-0.973344239,0,0.002968319
FALSE,TRUE,FALSE,1000,2,25,250,0.9,4,0.1,2,0.1,0.77,0.95,0,0,4253.74,0,0,4143.6,4220.8,0,0,0,-0.974158404,0,0.003040852
FALSE,TRUE,FALSE,1000,2,25,250,0.9,4,0.1,2,0.1,0.78,0.95,0,0,4265.27,0,0,4152.1,4217,0,0,0,-0.973518278,0,0.003161401
FALSE,TRUE,FALSE,1000,2,25,250,0.9,4,0.1,2,0.1,0.79,0.95,0,0,4241.48,0,0,4129.8,4253.3,0,0,0,-0.973757889,0,0.003894356
FALSE,TRUE,FALSE,1000,2,25,250,0.9,4,0.1,2,0.1,0.8,0.95,0,0,4255.09,0,0,4147.5,4255.5,0,0,0,-0.974742377,0,0.002936389
FALSE,TRUE,FALSE,1000,2,25,250,0.9,4,0.1,2,0.1,0.81,0.95,0,0,4241.62,0,0,4127.9,4229.8,0,0,0,-0.973232326,0,0.002562293
FALSE,TRUE,FALSE,1000,2,25,250,0.9,4,0.1,2,0.1,0.82,0.95,0,0,4259.62,0,0,4122.2,4272.5,0,0,0,-0.96777626,0,0.002146057
FALSE,TRUE,FALSE,1000,2,25,250,0.9,4,0.1,2,0.1,0.83,0.95,0,0,4274.31,0,0,4126.4,4225.4,0,0,0,-0.965415119,0,0.002272678
FALSE,TRUE,FALSE,1000,2,25,250,0.9,4,0.1,2,0.1,0.84,0.95,0,0,4257.49,0,0,4110.3,4252.4,0,0,0,-0.965454563,0,0.002572689
FALSE,TRUE,FALSE,1000,2,25,250,0.9,4,0.1,2,0.1,0.85,0.95,0,0,4257.32,0,0,4095.2,4230.5,0,0,0,-0.961945289,0,0.002403108
FALSE,TRUE,FALSE,1000,2,25,250,0.9,4,0.1,2,0.1,0.86,0.95,0,0,4247.35,0.49400856,0,2298.9,2373.4,0.2,439,0.0244,-0.515160875,0.020347645,0.150660545
FALSE,TRUE,FALSE,1000,2,25,250,0.9,4,0.1,2,0.1,0.87,0.95,0,0,4256.82,0,0,0,0,1,320.5,0.359,0.359,0.017691806,0.017691806
FALSE,TRUE,FALSE,1000,2,25,250,0.9,4,0.1,2,0.1,0.88,0.95,0,0,4245.02,0,0,0,0,1,262.2,0.4756,0.4756,0.022983666,0.022983666
FALSE,TRUE,FALSE,1000,2,25,250,0.9,4,0.1,2,0.1,0.89,0.95,0,0,4260.73,0,0,0,0,1,228.5,0.543,0.543,0.014676512,0.014676512
FALSE,TRUE,FALSE,1000,2,25,250,0.9,4,0.1,2,0.1,0.9,0.95,0,0,4250.39,0,0,0,0,1,190.7,0.6186,0.6186,0.010017984,0.010017984
FALSE,TRUE,FALSE,1000,2,25,250,0.9,4,0.1,2,0.1,0.91,0.95,0,0,4251.49,0,0,0,0,1,194.7,0.6106,0.6106,0.010591611,0.010591611
FALSE,TRUE,FALSE,1000,2,25,250,0.9,4,0.1,2,0.1,0.92,0.95,0,0,4241.74,0,0,0,0,1,179.2,0.6416,0.6416,0.015628464,0.015628464
FALSE,TRUE,FALSE,1000,2,25,250,0.9,4,0.1,2,0.1,0.93,0.95,0,0,4251.03,0,0,0,0,1,167,0.666,0.666,0.007536577,0.007536577
FALSE,TRUE,FALSE,1000,2,25,250,0.9,4,0.1,2,0.1,0.94,0.95,0,0,4251.42,0,0,0,0,1,165.6,0.6688,0.6688,0.00908821,0.00908821
FALSE,TRUE,FALSE,1000,2,25,250,0.9,4,0.1,2,0.1,0.95,0.95,0,0,4281.15,0,0,0,0,1,157.8,0.6844,0.6844,0.006072159,0.006072159
FALSE,TRUE,FALSE,1000,2,25,250,0.9,4,0.1,2,0.1,0.96,0.95,0,0,4265.42,0,0,0,0,1,167.2,0.6656,0.6656,0.006503332,0.006503332
FALSE,TRUE,FALSE,1000,2,25,250,0.9,4,0.1,2,0.1,0.97,0.95,0,0,4269.05,0,0,0,0,1,157.1,0.6858,0.6858,0.006003332,0.006003332
FALSE,TRUE,FALSE,1000,2,25,250,0.9,4,0.1,2,0.1,0.98,0.95,0,0,4258.03,0,0,0,0,1,167.7,0.6646,0.6646,0.0084488,0.0084488
FALSE,TRUE,FALSE,1000,2,25,250,0.9,4,0.1,2,0.1,0.99,0.95,0,0,4262.53,0,0,0,0,1,165.7,0.6686,0.6686,0.004402525,0.004402525
FALSE,TRUE,FALSE,1000,2,25,250,0.9,4,0.1,2,0.1,1,0.95,0,0,4245.13,0,0,0,0,1,181.3,0.6374,0.6374,0.008348253,0.008348253
FALSE,TRUE,FALSE,1000,2,25,250,0.9,4,0.1,2,0.1,0.75,0.96,0,0,4251.28,0,0,4164.3,4259.6,0,0,0,-0.979575861,0,0.00306786
FALSE,TRUE,FALSE,1000,2,25,250,0.9,4,0.1,2,0.1,0.76,0.96,0,0,4242.44,0,0,4134,4237.6,0,0,0,-0.974444216,0,0.001845769
FALSE,TRUE,FALSE,1000,2,25,250,0.9,4,0.1,2,0.1,0.77,0.96,0,0,4249,0,0,4147.9,4244.7,0,0,0,-0.976295049,0,0.003993442
FALSE,TRUE,FALSE,1000,2,25,250,0.9,4,0.1,2,0.1,0.78,0.96,0,0,4240.27,0,0,4127.1,4244.7,0,0,0,-0.973338094,0,0.002776669
FALSE,TRUE,FALSE,1000,2,25,250,0.9,4,0.1,2,0.1,0.79,0.96,0,0,4247.83,0,0,4128,4258.3,0,0,0,-0.971828784,0,0.002732198
FALSE,TRUE,FALSE,1000,2,25,250,0.9,4,0.1,2,0.1,0.8,0.96,0,0,4248.69,0,0,4139.7,4259.1,0,0,0,-0.974413263,0,0.002841247
FALSE,TRUE,FALSE,1000,2,25,250,0.9,4,0.1,2,0.1,0.81,0.96,0,0,4244.71,0,0,4142.8,4271.6,0,0,0,-0.976011378,0,0.002094338
FALSE,TRUE,FALSE,1000,2,25,250,0.9,4,0.1,2,0.1,0.82,0.96,0,0,4247.44,0,0,4118.1,4232,0,0,0,-0.969546898,0,0.002464088
FALSE,TRUE,FALSE,1000,2,25,250,0.9,4,0.1,2,0.1,0.83,0.96,0,0,4261.86,0,0,4108.3,4237.5,0,0,0,-0.963992387,0,0.002450703
FALSE,TRUE,FALSE,1000,2,25,250,0.9,4,0.1,2,0.1,0.84,0.96,0,0,4247.35,0,0,4115,4235.2,0,0,0,-0.968850018,0,0.002237622
FALSE,TRUE,FALSE,1000,2,25,250,0.9,4,0.1,2,0.1,0.85,0.96,0,0,4251.27,0,0,4107.2,4267,0,0,0,-0.966134244,0,0.002107503
FALSE,TRUE,FALSE,1000,2,25,250,0.9,4,0.1,2,0.1,0.86,0.96,0,0,4248.35,0.265229977,0,2312.2,2365.8,0.3,423,0.0462,-0.497019819,0.023734551,0.163415407
FALSE,TRUE,FALSE,1000,2,25,250,0.9,4,0.1,2,0.1,0.87,0.96,0,0,4237.92,0,0,0,0,1,292.8,0.4144,0.4144,0.021253601,0.021253601
FALSE,TRUE,FALSE,1000,2,25,250,0.9,4,0.1,2,0.1,0.88,0.96,0,0,4245.93,0,0,0,0,1,234.4,0.5312,0.5312,0.016147102,0.016147102
FALSE,TRUE,FALSE,1000,2,25,250,0.9,4,0.1,2,0.1,0.89,0.96,0,0,4259.72,0,0,0,0,1,204.4,0.5912,0.5912,0.007934174,0.007934174
FALSE,TRUE,FALSE,1000,2,25,250,0.9,4,0.1,2,0.1,0.9,0.96,0,0,4252.7,0,0,0,0,1,189.3,0.6214,0.6214,0.008563748,0.008563748
FALSE,TRUE,FALSE,1000,2,25,250,0.9,4,0.1,2,0.1,0.91,0.96,0,0,4235.24,0,0,0,0,1,183,0.634,0.634,0.013289929,0.013289929
FALSE,TRUE,FALSE,1000,2,25,250,0.9,4,0.1,2,0.1,0.92,0.96,0,0,4240.73,0,0,0,0,1,164.4,0.6712,0.6712,0.005866667,0.005866667
FALSE,TRUE,FALSE,1000,2,25,250,0.9,4,0.1,2,0.1,0.93,0.96,0,0,4249.51,0,0,0,0,1,165.2,0.6696,0.6696,0.00474037,0.00474037
FALSE,TRUE,FALSE,1000,2,25,250,0.9,4,0.1,2,0.1,0.94,0.96,0,0,4250.44,0,0,0,0,1,157,0.686,0.686,0.004742245,0.004742245
FALSE,TRUE,FALSE,1000,2,25,250,0.9,4,0.1,2,0.1,0.95,0.96,0,0,4260.7,0,0,0,0,1,162.8,0.6744,0.6744,0.013648932,0.013648932
FALSE,TRUE,FALSE,1000,2,25,250,0.9,4,0.1,2,0.1,0.96,0.96,0,0,4241.29,0,0,0,0,1,159.6,0.6808,0.6808,0.004404039,0.004404039
FALSE,TRUE,FALSE,1000,2,25,250,0.9,4,0.1,2,0.1,0.97,0.96,0,0,4256.72,0,0,0,0,1,157.7,0.6846,0.6846,0.004120949,0.004120949
FALSE,TRUE,FALSE,1000,2,25,250,0.9,4,0.1,2,0.1,0.98,0.96,0,0,4266.53,0,0,0,0,1,161.9,0.6762,0.6762,0.006299559,0.006299559
FALSE,TRUE,FALSE,1000,2,25,250,0.9,4,0.1,2,0.1,0.99,0.96,0,0,4253.63,0,0,0,0,1,171.4,0.6572,0.6572,0.007821338,0.007821338
FALSE,TRUE,FALSE,1000,2,25,250,0.9,4,0.1,2,0.1,1,0.96,0,0,4240.25,0,0,0,0,1,177.1,0.6458,0.6458,0.009533333,0.009533333
FALSE,TRUE,FALSE,1000,2,25,250,0.9,4,0.1,2,0.1,0.75,0.97,0,0,4246.95,0,0,4148.3,4244.3,0,0,0,-0.97678983,0,0.002549437
FALSE,TRUE,FALSE,1000,2,25,250,0.9,4,0.1,2,0.1,0.76,0.97,0,0,4258.61,0,0,4131.7,4249.8,0,0,0,-0.970220968,0,0.003330844
FALSE,TRUE,FALSE,1000,2,25,250,0.9,4,0.1,2,0.1,0.77,0.97,0,0,4253.24,0,0,4123.8,4256,0,0,0,-0.969577229,0,0.002036232
FALSE,TRUE,FALSE,1000,2,25,250,0.9,4,0.1,2,0.1,0.78,0.97,0,0,4242.76,0,0,4122,4278.6,0,0,0,-0.971559357,0,0.001721397
FALSE,TRUE,FALSE,1000,2,25,250,0.9,4,0.1,2,0.1,0.79,0.97,0,0,4252.23,0,0,4129,4248.8,0,0,0,-0.971083972,0,0.003819556
FALSE,TRUE,FALSE,1000,2,25,250,0.9,4,0.1,2,0.1,0.8,0.97,0,0,4235.63,0,0,4138.7,4237.5,0,0,0,-0.977124109,0,0.001723007
FALSE,TRUE,FALSE,1000,2,25,250,0.9,4,0.1,2,0.1,0.81,0.97,0,0,4260.57,0,0,4120.3,4217.9,0,0,0,-0.967083629,0,0.00353292
FALSE,TRUE,FALSE,1000,2,25,250,0.9,4,0.1,2,0.1,0.82,0.97,0,0,4251.99,0,0,4129,4240.4,0,0,0,-0.971101415,0,0.002216298
FALSE,TRUE,FALSE,1000,2,25,250,0.9,4,0.1,2,0.1,0.83,0.97,0,0,4250.31,0,0,4107.1,4275.6,0,0,0,-0.966335393,0,0.0028279
FALSE,TRUE,FALSE,1000,2,25,250,0.9,4,0.1,2,0.1,0.84,0.97,0,0,4252.31,0,0,4113.8,4253.4,0,0,0,-0.967452368,0,0.002354929
FALSE,TRUE,FALSE,1000,2,25,250,0.9,4,0.1,2,0.1,0.85,0.97,0,0,4252.87,0.014418001,0,4091.5,4228.7,0,0,0,-0.962078758,0,0.002561758
FALSE,TRUE,FALSE,1000,2,25,250,0.9,4,0.1,2,0.1,0.86,0.97,0,0,4258.47,0.2377725,0,187.7,188.6,0.7,410.8571429,0.1248,0.08057738,0.029505856,0.063570102
FALSE,TRUE,FALSE,1000,2,25,250,0.9,4,0.1,2,0.1,0.87,0.97,0,0,4251.85,0,0,0,0,1,303.1,0.3938,0.3938,0.020184593,0.020184593
FALSE,TRUE,FALSE,1000,2,25,250,0.9,4,0.1,2,0.1,0.88,0.97,0,0,4255.92,0,0,0,0,1,228.4,0.5432,0.5432,0.01208562,0.01208562
FALSE,TRUE,FALSE,1000,2,25,250,0.9,4,0.1,2,0.1,0.89,0.97,0,0,4259.79,0,0,0,0,1,213,0.574,0.574,0.010469002,0.010469002
FALSE,TRUE,FALSE,1000,2,25,250,0.9,4,0.1,2,0.1,0.9,0.97,0,0,4252.19,0,0,0,0,1,186.8,0.6264,0.6264,0.015410819,0.015410819
FALSE,TRUE,FALSE,1000,2,25,250,0.9,4,0.1,2,0.1,0.91,0.97,0,0,4252.85,0,0,0,0,1,169.6,0.6608,0.6608,0.004999556,0.004999556
FALSE,TRUE,FALSE,1000,2,25,250,0.9,4,0.1,2,0.1,0.92,0.97,0,0,4234.37,0,0,0,0,1,166.3,0.6674,0.6674,0.008224894,0.008224894
FALSE,TRUE,FALSE,1000,2,25,250,0.9,4,0.1,2,0.1,0.93,0.97,0,0,4252.3,0,0,0,0,1,160.2,0.6796,0.6796,0.009110677,0.009110677
FALSE,TRUE,FALSE,1000,2,25,250,0.9,4,0.1,2,0.1,0.94,0.97,0,0,4247.96,0,0,0,0,1,156.6,0.6868,0.6868,0.007906116,0.007906116
FALSE,TRUE,FALSE,1000,2,25,250,0.9,4,0.1,2,0.1,0.95,0.97,0,0,4239.46,0,0,0,0,1,150.8,0.6984,0.6984,0.006406941,0.006406941
FALSE,TRUE,FALSE,1000,2,25,250,0.9,4,0.1,2,0.1,0.96,0.97,0,0,4247.28,0,0,0,0,1,156.7,0.6866,0.6866,0.005835143,0.005835143
FALSE,TRUE,FALSE,1000,2,25,250,0.9,4,0.1,2,0.1,0.97,0.97,0,0,4238.64,0,0,0,0,1,160.9,0.6782,0.6782,0.008052329,0.008052329
FALSE,TRUE,FALSE,1000,2,25,250,0.9,4,0.1,2,0.1,0.98,0.97,0,0,4251.35,0,0,0,0,1,166.2,0.6676,0.6676,0.006223968,0.006223968
FALSE,TRUE,FALSE,1000,2,25,250,0.9,4,0.1,2,0.1,0.99,0.97,0,0,4256.75,0,0,0,0,1,157,0.686,0.686,0.005120764,0.005120764
FALSE,TRUE,FALSE,1000,2,25,250,0.9,4,0.1,2,0.1,1,0.97,0,0,4270.43,0,0,0,0,1,165.6,0.6688,0.6688,0.006674662,0.006674662
FALSE,TRUE,FALSE,1000,2,25,250,0.9,4,0.1,2,0.1,0.75,0.98,0,0,4261.3,0,0,4164.4,4270.6,0,0,0,-0.977282104,0,0.002302995
FALSE,TRUE,FALSE,1000,2,25,250,0.9,4,0.1,2,0.1,0.76,0.98,0,0,4266.86,0,0,4166.5,4268.1,0,0,0,-0.976489592,0,0.002445786
FALSE,TRUE,FALSE,1000,2,25,250,0.9,4,0.1,2,0.1,0.77,0.98,0,0,4256.89,0,0,4141.2,4262.6,0,0,0,-0.972850332,0,0.00268178
FALSE,TRUE,FALSE,1000,2,25,250,0.9,4,0.1,2,0.1,0.78,0.98,0,0,4254.66,0,0,4136.1,4256.8,0,0,0,-0.972136869,0,0.002147447
FALSE,TRUE,FALSE,1000,2,25,250,0.9,4,0.1,2,0.1,0.79,0.98,0,0,4259.38,0,0,4119.5,4236.6,0,0,0,-0.967172746,0,0.002590667
FALSE,TRUE,FALSE,1000,2,25,250,0.9,4,0.1,2,0.1,0.8,0.98,0,0,4240.68,0,0,4141.7,4284.6,0,0,0,-0.976699384,0,0.002814814
FALSE,TRUE,FALSE,1000,2,25,250,0.9,4,0.1,2,0.1,0.81,0.98,0,0,4261.65,0,0,4140,4260.9,0,0,0,-0.97152238,0,0.003996336
FALSE,TRUE,FALSE,1000,2,25,250,0.9,4,0.1,2,0.1,0.82,0.98,0,0,4243.73,0,0,4118.6,4240.4,0,0,0,-0.970543098,0,0.002458641
FALSE,TRUE,FALSE,1000,2,25,250,0.9,4,0.1,2,0.1,0.83,0.98,0,0,4255.64,0,0,4123.5,4236.5,0,0,0,-0.968979635,0,0.002400562
FALSE,TRUE,FALSE,1000,2,25,250,0.9,4,0.1,2,0.1,0.84,0.98,0,0,4235.3,0,0,4113.2,4230.6,0,0,0,-0.971182357,0,0.001896756
FALSE,TRUE,FALSE,1000,2,25,250,0.9,4,0.1,2,0.1,0.85,0.98,0,0,4251.24,0.000186818,0,4103,4257.4,0,0,0,-0.965169982,0,0.002849216
FALSE,TRUE,FALSE,1000,2,25,250,0.9,4,0.1,2,0.1,0.86,0.98,0,0,4263.21,0.1081793,0,413.3,422.3,0.8,436.375,0.1018,0.00495877,0.025880838,0.109056181
FALSE,TRUE,FALSE,1000,2,25,250,0.9,4,0.1,2,0.1,0.87,0.98,0,0,4258.79,0,0,0,0,1,259.7,0.4806,0.4806,0.010084311,0.010084311
FALSE,TRUE,FALSE,1000,2,25,250,0.9,4,0.1,2,0.1,0.88,0.98,0,0,4256.6,0,0,0,0,1,227.7,0.5446,0.5446,0.011151681,0.011151681
FALSE,TRUE,FALSE,1000,2,25,250,0.9,4,0.1,2,0.1,0.89,0.98,0,0,4241.21,0,0,0,0,1,200.6,0.5988,0.5988,0.012698906,0.012698906
FALSE,TRUE,FALSE,1000,2,25,250,0.9,4,0.1,2,0.1,0.9,0.98,0,0,4273.62,0,0,0,0,1,180.3,0.6394,0.6394,0.010362539,0.010362539
FALSE,TRUE,FALSE,1000,2,25,250,0.9,4,0.1,2,0.1,0.91,0.98,0,0,4250.23,0,0,0,0,1,162.6,0.6748,0.6748,0.005851496,0.005851496
FALSE,TRUE,FALSE,1000,2,25,250,0.9,4,0.1,2,0.1,0.92,0.98,0,0,4238.21,0,0,0,0,1,159.6,0.6808,0.6808,0.006430483,0.006430483
FALSE,TRUE,FALSE,1000,2,25,250,0.9,4,0.1,2,0.1,0.93,0.98,0,0,4251.12,0,0,0,0,1,157.1,0.6858,0.6858,0.009876797,0.009876797
FALSE,TRUE,FALSE,1000,2,25,250,0.9,4,0.1,2,0.1,0.94,0.98,0,0,4253.8,0,0,0,0,1,154,0.692,0.692,0.009106774,0.009106774
FALSE,TRUE,FALSE,1000,2,25,250,0.9,4,0.1,2,0.1,0.95,0.98,0,0,4246.34,0,0,0,0,1,148.1,0.7038,0.7038,0.006010731,0.006010731
FALSE,TRUE,FALSE,1000,2,25,250,0.9,4,0.1,2,0.1,0.96,0.98,0,0,4245.34,0,0,0,0,1,153.2,0.6936,0.6936,0.006544209,0.006544209
FALSE,TRUE,FALSE,1000,2,25,250,0.9,4,0.1,2,0.1,0.97,0.98,0,0,4240.08,0,0,0,0,1,155.4,0.6892,0.6892,0.007508218,0.007508218
FALSE,TRUE,FALSE,1000,2,25,250,0.9,4,0.1,2,0.1,0.98,0.98,0,0,4253.27,0,0,0,0,1,164.6,0.6708,0.6708,0.007466667,0.007466667
FALSE,TRUE,FALSE,1000,2,25,250,0.9,4,0.1,2,0.1,0.99,0.98,0,0,4240.47,0,0,0,0,1,163.2,0.6736,0.6736,0.007937534,0.007937534
FALSE,TRUE,FALSE,1000,2,25,250,0.9,4,0.1,2,0.1,1,0.98,0,0,4241.75,0,0,0,0,1,167.2,0.6656,0.6656,0.007252892,0.007252892
FALSE,TRUE,FALSE,1000,2,25,250,0.9,4,0.1,2,0.1,0.75,0.99,0,0,4254.48,0,0,4153.6,4272.8,0,0,0,-0.976327858,0,0.003225394
FALSE,TRUE,FALSE,1000,2,25,250,0.9,4,0.1,2,0.1,0.76,0.99,0,0,4257.88,0,0,4140.7,4267.5,0,0,0,-0.972542958,0,0.003213565
FALSE,TRUE,FALSE,1000,2,25,250,0.9,4,0.1,2,0.1,0.77,0.99,0,0,4260.38,0,0,4139.4,4256.2,0,0,0,-0.97166536,0,0.003103445
FALSE,TRUE,FALSE,1000,2,25,250,0.9,4,0.1,2,0.1,0.78,0.99,0,0,4256.36,0,0,4143.5,4252.8,0,0,0,-0.973564239,0,0.004381034
FALSE,TRUE,FALSE,1000,2,25,250,0.9,4,0.1,2,0.1,0.79,0.99,0,0,4257.38,0,0,4135.4,4239,0,0,0,-0.971396858,0,0.00311155
FALSE,TRUE,FALSE,1000,2,25,250,0.9,4,0.1,2,0.1,0.8,0.99,0,0,4252.95,0,0,4133.4,4245.8,0,0,0,-0.971906778,0,0.002004409
FALSE,TRUE,FALSE,1000,2,25,250,0.9,4,0.1,2,0.1,0.81,0.99,0,0,4250.98,0,0,4131.1,4247.7,0,0,0,-0.971870571,0,0.003144309
FALSE,TRUE,FALSE,1000,2,25,250,0.9,4,0.1,2,0.1,0.82,0.99,0,0,4259.81,0,0,4119.5,4256.9,0,0,0,-0.967116953,0,0.003039287
FALSE,TRUE,FALSE,1000,2,25,250,0.9,4,0.1,2,0.1,0.83,0.99,0,0,4242.24,0,0,4120.7,4242.8,0,0,0,-0.971363577,0,0.002239926
FALSE,TRUE,FALSE,1000,2,25,250,0.9,4,0.1,2,0.1,0.84,0.99,0,0,4247.19,0,0,4119.9,4213.7,0,0,0,-0.970049709,0,0.002365935
FALSE,TRUE,FALSE,1000,2,25,250,0.9,4,0.1,2,0.1,0.85,0.99,0,0,4256.9,0.003795538,0,4091.4,4272,0,0,0,-0.961172617,0,0.003547713
FALSE,TRUE,FALSE,1000,2,25,250,0.9,4,0.1,2,0.1,0.86,0.99,0,0,4259.01,0,0,0,0,1,363.2,0.2736,0.2736,0.028257231,0.028257231
FALSE,TRUE,FALSE,1000,2,25,250,0.9,4,0.1,2,0.1,0.87,0.99,0,0,4251.82,0,0,0,0,1,266.2,0.4676,0.4676,0.018651899,0.018651899
FALSE,TRUE,FALSE,1000,2,25,250,0.9,4,0.1,2,0.1,0.88,0.99,0,0,4251.99,0,0,0,0,1,216.7,0.5666,0.5666,0.024976522,0.024976522
FALSE,TRUE,FALSE,1000,2,25,250,0.9,4,0.1,2,0.1,0.89,0.99,0,0,4255.47,0,0,0,0,1,190.8,0.6184,0.6184,0.006645299,0.006645299
FALSE,TRUE,FALSE,1000,2,25,250,0.9,4,0.1,2,0.1,0.9,0.99,0,0,4244.39,0,0,0,0,1,180.9,0.6382,0.6382,0.014010948,0.014010948
FALSE,TRUE,FALSE,1000,2,25,250,0.9,4,0.1,2,0.1,0.91,0.99,0,0,4258.97,0,0,0,0,1,169.7,0.6606,0.6606,0.008763814,0.008763814
FALSE,TRUE,FALSE,1000,2,25,250,0.9,4,0.1,2,0.1,0.92,0.99,0,0,4252.47,0,0,0,0,1,153.7,0.6926,0.6926,0.007284992,0.007284992
FALSE,TRUE,FALSE,1000,2,25,250,0.9,4,0.1,2,0.1,0.93,0.99,0,0,4252.88,0,0,0,0,1,157.3,0.6854,0.6854,0.007780603,0.007780603
FALSE,TRUE,FALSE,1000,2,25,250,0.9,4,0.1,2,0.1,0.94,0.99,0,0,4255.55,0,0,0,0,1,151.6,0.6968,0.6968,0.005971786,0.005971786
FALSE,TRUE,FALSE,1000,2,25,250,0.9,4,0.1,2,0.1,0.95,0.99,0,0,4241.23,0,0,0,0,1,152.2,0.6956,0.6956,0.008336266,0.008336266
FALSE,TRUE,FALSE,1000,2,25,250,0.9,4,0.1,2,0.1,0.96,0.99,0,0,4265.85,0,0,0,0,1,150,0.7,0.7,0.004844241,0.004844241
FALSE,TRUE,FALSE,1000,2,25,250,0.9,4,0.1,2,0.1,0.97,0.99,0,0,4243.1,0,0,0,0,1,160.8,0.6784,0.6784,0.007576572,0.007576572
FALSE,TRUE,FALSE,1000,2,25,250,0.9,4,0.1,2,0.1,0.98,0.99,0,0,4253.5,0,0,0,0,1,148.8,0.7024,0.7024,0.006294972,0.006294972
FALSE,TRUE,FALSE,1000,2,25,250,0.9,4,0.1,2,0.1,0.99,0.99,0,0,4252.74,0,0,0,0,1,159,0.682,0.682,0.011207141,0.011207141
FALSE,TRUE,FALSE,1000,2,25,250,0.9,4,0.1,2,0.1,1,0.99,0,0,4242.97,0,0,0,0,1,161.4,0.6772,0.6772,0.007412902,0.007412902
FALSE,TRUE,FALSE,1000,2,25,250,0.9,4,0.1,2,0.1,0.75,1,0,0,4260.99,0,0,4149.5,4236,0,0,0,-0.973834432,0,0.001319345
FALSE,TRUE,FALSE,1000,2,25,250,0.9,4,0.1,2,0.1,0.76,1,0,0,4239.41,0,0,4142.8,4240.5,0,0,0,-0.977231492,0,0.002787661
FALSE,TRUE,FALSE,1000,2,25,250,0.9,4,0.1,2,0.1,0.77,1,0,0,4260.28,0,0,4157.1,4246.3,0,0,0,-0.975846189,0,0.003956098
FALSE,TRUE,FALSE,1000,2,25,250,0.9,4,0.1,2,0.1,0.78,1,0,0,4249.62,0,0,4125.2,4245.7,0,0,0,-0.97075835,0,0.003047266
FALSE,TRUE,FALSE,1000,2,25,250,0.9,4,0.1,2,0.1,0.79,1,0,0,4257.14,0,0,4144.3,4237.7,0,0,0,-0.973541681,0,0.00297067
FALSE,TRUE,FALSE,1000,2,25,250,0.9,4,0.1,2,0.1,0.8,1,0,0,4263.68,0,0,4136.9,4246.1,0,0,0,-0.970302123,0,0.002712759
FALSE,TRUE,FALSE,1000,2,25,250,0.9,4,0.1,2,0.1,0.81,1,0,0,4255.8,0,0,4131.6,4268,0,0,0,-0.970879987,0,0.003975139
FALSE,TRUE,FALSE,1000,2,25,250,0.9,4,0.1,2,0.1,0.82,1,0,0,4252.68,0,0,4122.1,4251.3,0,0,0,-0.969396688,0,0.003809854
FALSE,TRUE,FALSE,1000,2,25,250,0.9,4,0.1,2,0.1,0.83,1,0,0,4262.2,0,0,4114.2,4261.2,0,0,0,-0.965326536,0,0.003111724
FALSE,TRUE,FALSE,1000,2,25,250,0.9,4,0.1,2,0.1,0.84,1,0,0,4240.54,0,0,4099.4,4261.5,0,0,0,-0.966744579,0,0.002474834
FALSE,TRUE,FALSE,1000,2,25,250,0.9,4,0.1,2,0.1,0.85,1,0,0,4248.64,0.017541292,0,3677.5,3833.2,0.1,500,0,-0.86573611,0,0.096234149
FALSE,TRUE,FALSE,1000,2,25,250,0.9,4,0.1,2,0.1,0.86,1,0,0,4264.35,0,0,0,0,1,326.2,0.3476,0.3476,0.027714096,0.027714096
FALSE,TRUE,FALSE,1000,2,25,250,0.9,4,0.1,2,0.1,0.87,1,0,0,4246.35,0,0,0,0,1,257.7,0.4846,0.4846,0.016193414,0.016193414
FALSE,TRUE,FALSE,1000,2,25,250,0.9,4,0.1,2,0.1,0.88,1,0,0,4256.76,0,0,0,0,1,208.3,0.5834,0.5834,0.012070349,0.012070349
FALSE,TRUE,FALSE,1000,2,25,250,0.9,4,0.1,2,0.1,0.89,1,0,0,4245.24,0,0,0,0,1,196,0.608,0.608,0.014715072,0.014715072
FALSE,TRUE,FALSE,1000,2,25,250,0.9,4,0.1,2,0.1,0.9,1,0,0,4242.17,0,0,0,0,1,170.5,0.659,0.659,0.006284019,0.006284019
FALSE,TRUE,FALSE,1000,2,25,250,0.9,4,0.1,2,0.1,0.91,1,0,0,4253.43,0,0,0,0,1,160.6,0.6788,0.6788,0.006754093,0.006754093
FALSE,TRUE,FALSE,1000,2,25,250,0.9,4,0.1,2,0.1,0.92,1,0,0,4246.71,0,0,0,0,1,156.4,0.6872,0.6872,0.006621178,0.006621178
FALSE,TRUE,FALSE,1000,2,25,250,0.9,4,0.1,2,0.1,0.93,1,0,0,4250.96,0,0,0,0,1,152.5,0.695,0.695,0.007200309,0.007200309
FALSE,TRUE,FALSE,1000,2,25,250,0.9,4,0.1,2,0.1,0.94,1,0,0,4251.14,0,0,0,0,1,146.6,0.7068,0.7068,0.00626241,0.00626241
FALSE,TRUE,FALSE,1000,2,25,250,0.9,4,0.1,2,0.1,0.95,1,0,0,4246.48,0,0,0,0,1,145.5,0.709,0.709,0.004219005,0.004219005
FALSE,TRUE,FALSE,1000,2,25,250,0.9,4,0.1,2,0.1,0.96,1,0,0,4241.1,0,0,0,0,1,151.2,0.6976,0.6976,0.006469072,0.006469072
FALSE,TRUE,FALSE,1000,2,25,250,0.9,4,0.1,2,0.1,0.97,1,0,0,4253.17,0,0,0,0,1,155.6,0.6888,0.6888,0.009753404,0.009753404
FALSE,TRUE,FALSE,1000,2,25,250,0.9,4,0.1,2,0.1,0.98,1,0,0,4256.13,0,0,0,0,1,149.3,0.7014,0.7014,0.00738196,0.00738196
FALSE,TRUE,FALSE,1000,2,25,250,0.9,4,0.1,2,0.1,0.99,1,0,0,4261.89,0,0,0,0,1,155.9,0.6882,0.6882,0.007372321,0.007372321
FALSE,TRUE,FALSE,1000,2,25,250,0.9,4,0.1,2,0.1,1,1,0,0,4246.03,0,0,0,0,1,166.4,0.6672,0.6672,0.008779775,0.008779775
